,Year,Month,Jurisdiction,PFE Dose-1,PFE Dose-2,MRNA Dose-1,MRNA Dose-2,JNJ Dose-1,index,State/District,tot_cases,conf_cases,prob_cases,new_case,pnew_case,tot_death,conf_death,prob_death,new_death,pnew_death,Name,Population,Median Age,Household Income,Per Capita Income,Poverty Count,Poverty Rate,Unemployment Count,Unemployment Rate
0,2020,12,Alabama,108225,108225,113400.0,113400.0,0.0,641,Alabama,9513716.0,7781720.0,1731996.0,111702.0,29144.0,131827.0,116236.0,15591.0,1249.0,276.0,Alabama,4876250.0,39.0,50536.0,27928.0,795989.0,16.323793899000258,132095.0,2.7089464239938477
1,2021,1,Alabama,118950,118950,119300.0,119300.0,0.0,699,Alabama,12918813.0,10282217.0,2636596.0,98413.0,26675.0,186775.0,156254.0,30521.0,2861.0,909.0,Alabama,4876250.0,39.0,50536.0,27928.0,795989.0,16.323793899000258,132095.0,2.7089464239938477
2,2021,2,Alabama,138645,138645,179900.0,179900.0,0.0,757,Alabama,13436108.0,10543370.0,2892738.0,33613.0,9407.0,254883.0,200716.0,54167.0,2241.0,625.0,Alabama,4876250.0,39.0,50536.0,27928.0,795989.0,16.323793899000258,132095.0,2.7089464239938477
3,2021,3,Alabama,328770,328770,238500.0,238500.0,79600.0,815,Alabama,15701638.0,12268751.0,3432887.0,16015.0,7171.0,320023.0,251810.0,68213.0,625.0,85.0,Alabama,4876250.0,39.0,50536.0,27928.0,795989.0,16.323793899000258,132095.0,2.7089464239938477
4,2021,4,Alabama,207090,207090,153300.0,153300.0,80300.0,873,Alabama,8815986.0,6857926.0,1958060.0,5593.0,1987.0,181588.0,143082.0,38506.0,236.0,65.0,Alabama,4876250.0,39.0,50536.0,27928.0,795989.0,16.323793899000258,132095.0,2.7089464239938477
5,2020,12,Alaska,35100,35100,26800.0,26800.0,0.0,642,Alaska,1241538.0,0.0,0.0,14138.0,0.0,5331.0,0.0,0.0,85.0,0.0,Alaska,737068.0,34.3,77640.0,36787.0,76933.0,10.437707240037554,26808.0,3.6371135363358604
6,2021,1,Alaska,27300,27300,25600.0,25600.0,0.0,700,Alaska,1540554.0,0.0,0.0,7137.0,0.0,7298.0,0.0,0.0,55.0,0.0,Alaska,737068.0,34.3,77640.0,36787.0,76933.0,10.437707240037554,26808.0,3.6371135363358604
7,2021,2,Alaska,27300,27300,32300.0,32300.0,0.0,758,Alaska,1524900.0,0.0,0.0,3391.0,0.0,7877.0,0.0,0.0,27.0,0.0,Alaska,737068.0,34.3,77640.0,36787.0,76933.0,10.437707240037554,26808.0,3.6371135363358604
8,2021,3,Alaska,145080,133380,101800.0,101800.0,17800.0,816,Alaska,1805288.0,0.0,0.0,4344.0,0.0,9423.0,0.0,0.0,22.0,0.0,Alaska,737068.0,34.3,77640.0,36787.0,76933.0,10.437707240037554,26808.0,3.6371135363358604
9,2021,4,Alaska,0,0,0.0,0.0,17700.0,874,Alaska,1054109.0,0.0,0.0,2912.0,0.0,5316.0,0.0,0.0,1.0,0.0,Alaska,737068.0,34.3,77640.0,36787.0,76933.0,10.437707240037554,26808.0,3.6371135363358604
10,2020,12,Arizona,154050,154050,160700.0,160700.0,0.0,644,Arizona,13267357.0,12733646.0,533711.0,193390.0,15013.0,237324.0,217466.0,19858.0,2225.0,371.0,Arizona,7050299.0,37.7,58945.0,30694.0,1043764.0,14.804535240278462,195905.0,2.778676478827352
11,2021,1,Arizona,169650,169650,169200.0,169200.0,0.0,702,Arizona,20393424.0,19236970.0,1156454.0,238197.0,23041.0,342158.0,306907.0,35251.0,4256.0,560.0,Arizona,7050299.0,37.7,58945.0,30694.0,1043764.0,14.804535240278462,195905.0,2.778676478827352
12,2021,2,Arizona,197730,197730,254900.0,254900.0,0.0,760,Arizona,22250257.0,20774575.0,1475682.0,58378.0,6983.0,415253.0,367719.0,47534.0,2860.0,463.0,Arizona,7050299.0,37.7,58945.0,30694.0,1043764.0,14.804535240278462,195905.0,2.778676478827352
13,2021,3,Arizona,464490,464490,338000.0,338000.0,112600.0,818,Arizona,25797526.0,24010384.0,1787142.0,25029.0,4330.0,513713.0,454042.0,59671.0,987.0,59.0,Arizona,7050299.0,37.7,58945.0,30694.0,1043764.0,14.804535240278462,195905.0,2.778676478827352
14,2021,4,Arizona,292500,292500,217400.0,217400.0,113700.0,876,Arizona,14413460.0,13383514.0,1029946.0,10614.0,2080.0,289978.0,257201.0,32777.0,184.0,-18.0,Arizona,7050299.0,37.7,58945.0,30694.0,1043764.0,14.804535240278462,195905.0,2.778676478827352
15,2020,12,Arkansas,67275,67275,68800.0,68800.0,0.0,645,Arkansas,5960217.0,0.0,0.0,67779.0,19051.0,95239.0,0.0,0.0,1174.0,381.0,Arkansas,2999370.0,38.1,47597.0,26577.0,496260.0,16.545474549655427,70481.0,2.3498601372954986
16,2021,1,Arkansas,74100,74100,72500.0,72500.0,0.0,703,Arkansas,8247143.0,0.0,0.0,70130.0,21246.0,132923.0,0.0,0.0,1192.0,365.0,Arkansas,2999370.0,38.1,47597.0,26577.0,496260.0,16.545474549655427,70481.0,2.3498601372954986
17,2021,2,Arkansas,84825,84825,109100.0,109100.0,0.0,761,Arkansas,8718837.0,0.0,0.0,27147.0,8785.0,146201.0,0.0,0.0,375.0,39.0,Arkansas,2999370.0,38.1,47597.0,26577.0,496260.0,16.545474549655427,70481.0,2.3498601372954986
18,2021,3,Arkansas,200070,200070,144500.0,144500.0,48400.0,819,Arkansas,10140927.0,0.0,0.0,7983.0,2656.0,169225.0,0.0,0.0,383.0,150.0,Arkansas,2999370.0,38.1,47597.0,26577.0,496260.0,16.545474549655427,70481.0,2.3498601372954986
19,2021,4,Arkansas,125190,125190,93000.0,93000.0,48700.0,877,Arkansas,5641818.0,0.0,0.0,3009.0,991.0,96254.0,0.0,0.0,67.0,31.0,Arkansas,2999370.0,38.1,47597.0,26577.0,496260.0,16.545474549655427,70481.0,2.3498601372954986
20,2020,12,California,858000,858000,904900.0,904900.0,0.0,646,California,52714119.0,0.0,0.0,1032411.0,0.0,676929.0,0.0,0.0,6245.0,0.0,California,39283497.0,36.5,75235.0,36955.0,5149742.0,13.109174063602332,1199233.0,3.052765388987645
21,2021,1,California,948675,948675,951700.0,951700.0,0.0,704,California,88127478.0,0.0,0.0,997969.0,0.0,1015369.0,0.0,0.0,15311.0,0.0,California,39283497.0,36.5,75235.0,36955.0,5149742.0,13.109174063602332,1199233.0,3.052765388987645
22,2021,2,California,1107015,1107015,1434500.0,1434500.0,0.0,762,California,94864907.0,0.0,0.0,232214.0,0.0,1306292.0,0.0,0.0,10476.0,0.0,California,39283497.0,36.5,75235.0,36955.0,5149742.0,13.109174063602332,1199233.0,3.052765388987645
23,2021,3,California,2603250,2603250,1901500.0,1901500.0,632700.0,820,California,109369212.0,0.0,0.0,89186.0,0.0,1718812.0,0.0,0.0,5957.0,0.0,California,39283497.0,36.5,75235.0,36955.0,5149742.0,13.109174063602332,1199233.0,3.052765388987645
24,2021,4,California,1635660,1635660,1223400.0,1223400.0,640300.0,878,California,61077163.0,0.0,0.0,45686.0,0.0,1001736.0,0.0,0.0,1754.0,0.0,California,39283497.0,36.5,75235.0,36955.0,5149742.0,13.109174063602332,1199233.0,3.052765388987645
25,2020,12,Colorado,122850,122850,128600.0,128600.0,0.0,647,Colorado,9086576.0,8709299.0,377277.0,101192.0,3874.0,125307.0,107337.0,17970.0,1777.0,170.0,Colorado,5610349.0,36.7,72331.0,38226.0,565873.0,10.086235276985443,131371.0,2.3415833845630636
26,2021,1,Colorado,136500,136500,135300.0,135300.0,0.0,705,Colorado,11473991.0,10947040.0,526951.0,59324.0,5258.0,164441.0,143211.0,21230.0,780.0,66.0,Colorado,5610349.0,36.7,72331.0,38226.0,565873.0,10.086235276985443,131371.0,2.3415833845630636
27,2021,2,Colorado,159315,159315,204000.0,204000.0,0.0,763,Colorado,11572798.0,10963994.0,608804.0,34882.0,4242.0,162737.0,142550.0,20187.0,357.0,22.0,Colorado,5610349.0,36.7,72331.0,38226.0,565873.0,10.086235276985443,131371.0,2.3415833845630636
28,2021,3,Colorado,373230,373230,270500.0,270500.0,90100.0,821,Colorado,13810796.0,12999724.0,811072.0,33778.0,4988.0,187196.0,164524.0,22672.0,156.0,-6.0,Colorado,5610349.0,36.7,72331.0,38226.0,565873.0,10.086235276985443,131371.0,2.3415833845630636
29,2021,4,Colorado,232830,232830,173900.0,173900.0,91100.0,879,Colorado,8088434.0,7581711.0,506723.0,26947.0,2396.0,104535.0,92061.0,12474.0,81.0,9.0,Colorado,5610349.0,36.7,72331.0,38226.0,565873.0,10.086235276985443,131371.0,2.3415833845630636
30,2020,12,Connecticut,81900,81900,85200.0,85200.0,0.0,648,Connecticut,4793649.0,4503811.0,289838.0,68413.0,3225.0,170624.0,137803.0,32821.0,975.0,146.0,Connecticut,3575074.0,41.0,78444.0,44496.0,344146.0,9.626262281563962,116456.0,3.2574430627170234
31,2021,1,Connecticut,91650,91650,89700.0,89700.0,0.0,706,Connecticut,6900960.0,6491581.0,409379.0,64315.0,4180.0,204066.0,165754.0,38312.0,1051.0,164.0,Connecticut,3575074.0,41.0,78444.0,44496.0,344146.0,9.626262281563962,116456.0,3.2574430627170234
32,2021,2,Connecticut,106470,106470,135000.0,135000.0,0.0,764,Connecticut,7518722.0,7048223.0,470499.0,29923.0,3685.0,207285.0,169776.0,37509.0,576.0,63.0,Connecticut,3575074.0,41.0,78444.0,44496.0,344146.0,9.626262281563962,116456.0,3.2574430627170234
33,2021,3,Connecticut,248040,248040,179000.0,179000.0,59800.0,822,Connecticut,9132906.0,8482310.0,650596.0,30942.0,4759.0,241425.0,198436.0,42989.0,264.0,41.0,Connecticut,3575074.0,41.0,78444.0,44496.0,344146.0,9.626262281563962,116456.0,3.2574430627170234
34,2021,4,Connecticut,156780,156780,115200.0,115200.0,60300.0,880,Connecticut,5455706.0,5026142.0,429564.0,18174.0,2634.0,135067.0,111047.0,24020.0,109.0,8.0,Connecticut,3575074.0,41.0,78444.0,44496.0,344146.0,9.626262281563962,116456.0,3.2574430627170234
35,2020,12,Delaware,22425,22425,22500.0,22500.0,0.0,649,Delaware,1471354.0,1414215.0,57139.0,21721.0,1014.0,26077.0,23041.0,3036.0,153.0,8.0,Delaware,957248.0,40.6,68287.0,35450.0,109400.0,11.42859530654543,26481.0,2.766367754228789
36,2021,1,Delaware,25350,25350,23800.0,23800.0,0.0,707,Delaware,2136466.0,2040613.0,95853.0,20007.0,1398.0,31184.0,27923.0,3261.0,160.0,6.0,Delaware,957248.0,40.6,68287.0,35450.0,109400.0,11.42859530654543,26481.0,2.766367754228789
37,2021,2,Delaware,31005,31005,35800.0,35800.0,0.0,765,Delaware,2317309.0,2198629.0,118680.0,8728.0,789.0,35950.0,32488.0,3462.0,332.0,28.0,Delaware,957248.0,40.6,68287.0,35450.0,109400.0,11.42859530654543,26481.0,2.766367754228789
38,2021,3,Delaware,67860,67860,47500.0,47500.0,15800.0,823,Delaware,2815506.0,2660283.0,155223.0,8003.0,972.0,46638.0,42392.0,4246.0,137.0,3.0,Delaware,957248.0,40.6,68287.0,35450.0,109400.0,11.42859530654543,26481.0,2.766367754228789
39,2021,4,Delaware,43290,43290,30500.0,30500.0,16000.0,881,Delaware,1664206.0,1561166.0,103040.0,5975.0,993.0,26803.0,24435.0,2368.0,43.0,2.0,Delaware,957248.0,40.6,68287.0,35450.0,109400.0,11.42859530654543,26481.0,2.766367754228789
40,2020,12,District of Columbia,17550,17550,17000.0,17000.0,0.0,650,District of Columbia,790037.0,0.0,0.0,7431.0,0.0,22570.0,0.0,0.0,106.0,0.0,District of Columbia,692683.0,34.0,86420.0,56147.0,107140.0,15.46739273231767,27967.0,4.037489010124401
41,2021,1,District of Columbia,19500,19500,18000.0,18000.0,0.0,708,District of Columbia,1030286.0,0.0,0.0,7889.0,0.0,26230.0,0.0,0.0,127.0,0.0,District of Columbia,692683.0,34.0,86420.0,56147.0,107140.0,15.46739273231767,27967.0,4.037489010124401
42,2021,2,District of Columbia,22815,22815,27100.0,27100.0,0.0,766,District of Columbia,1088237.0,0.0,0.0,3726.0,0.0,27279.0,0.0,0.0,104.0,0.0,District of Columbia,692683.0,34.0,86420.0,56147.0,107140.0,15.46739273231767,27967.0,4.037489010124401
43,2021,3,District of Columbia,52650,52650,36000.0,36000.0,12100.0,824,District of Columbia,1321799.0,0.0,0.0,3915.0,0.0,32315.0,0.0,0.0,47.0,0.0,District of Columbia,692683.0,34.0,86420.0,56147.0,107140.0,15.46739273231767,27967.0,4.037489010124401
44,2021,4,District of Columbia,32760,32760,23100.0,23100.0,12100.0,882,District of Columbia,775301.0,0.0,0.0,2066.0,0.0,18350.0,0.0,0.0,31.0,0.0,District of Columbia,692683.0,34.0,86420.0,56147.0,107140.0,15.46739273231767,27967.0,4.037489010124401
45,2020,12,Florida,469950,469950,495000.0,495000.0,0.0,651,Florida,35351736.0,0.0,0.0,317158.0,94358.0,625279.0,0.0,0.0,3076.0,231.0,Florida,20901636.0,42.0,55660.0,31619.0,2870487.0,13.733312550271185,561448.0,2.686143802332028
46,2021,1,Florida,519675,519675,520700.0,520700.0,0.0,709,Florida,47021856.0,0.0,0.0,389172.0,118726.0,743830.0,0.0,0.0,4806.0,429.0,Florida,20901636.0,42.0,55660.0,31619.0,2870487.0,13.733312550271185,561448.0,2.686143802332028
47,2021,2,Florida,606255,606255,784600.0,784600.0,0.0,767,Florida,50178683.0,0.0,0.0,184454.0,55156.0,808632.0,0.0,0.0,4373.0,342.0,Florida,20901636.0,42.0,55660.0,31619.0,2870487.0,13.733312550271185,561448.0,2.686143802332028
48,2021,3,Florida,1422720,1422720,1040000.0,1040000.0,346200.0,825,Florida,60418506.0,0.0,0.0,145346.0,39348.0,1002736.0,0.0,0.0,2573.0,170.0,Florida,20901636.0,42.0,55660.0,31619.0,2870487.0,13.733312550271185,561448.0,2.686143802332028
49,2021,4,Florida,895050,895050,669300.0,669300.0,350200.0,883,Florida,35221361.0,0.0,0.0,101887.0,31298.0,576939.0,0.0,0.0,979.0,66.0,Florida,20901636.0,42.0,55660.0,31619.0,2870487.0,13.733312550271185,561448.0,2.686143802332028
50,2020,12,Georgia,222300,222300,234600.0,234600.0,0.0,652,Georgia,17500247.0,15239358.0,2260889.0,194889.0,50346.0,316961.0,288934.0,28027.0,1482.0,388.0,Georgia,10403847.0,36.7,58700.0,31067.0,1528558.0,14.69223836144457,290560.0,2.7928130815457015
51,2021,1,Georgia,247650,247650,246800.0,246800.0,0.0,710,Georgia,24831227.0,20730515.0,4100712.0,242993.0,59802.0,381989.0,341763.0,40226.0,3264.0,566.0,Georgia,10403847.0,36.7,58700.0,31067.0,1528558.0,14.69223836144457,290560.0,2.7928130815457015
52,2021,2,Georgia,288600,288600,372000.0,372000.0,0.0,768,Georgia,26992282.0,22102767.0,4889515.0,97076.0,28427.0,446576.0,392070.0,54506.0,3097.0,599.0,Georgia,10403847.0,36.7,58700.0,31067.0,1528558.0,14.69223836144457,290560.0,2.7928130815457015
53,2021,3,Georgia,678600,678600,493000.0,493000.0,164400.0,826,Georgia,32140432.0,25957402.0,6183030.0,53027.0,19148.0,567643.0,494526.0,73117.0,1760.0,221.0,Georgia,10403847.0,36.7,58700.0,31067.0,1528558.0,14.69223836144457,290560.0,2.7928130815457015
54,2021,4,Georgia,425880,425880,317100.0,317100.0,166100.0,884,Georgia,18213802.0,14626356.0,3587446.0,23752.0,7984.0,330054.0,287651.0,42403.0,702.0,95.0,Georgia,10403847.0,36.7,58700.0,31067.0,1528558.0,14.69223836144457,290560.0,2.7928130815457015
55,2020,12,Hawaii,33150,33150,33700.0,33700.0,0.0,654,Hawaii,599908.0,0.0,0.0,3318.0,0.0,8405.0,0.0,0.0,44.0,0.0,Hawaii,1422094.0,39.1,81275.0,35567.0,130649.0,9.187086085729916,30269.0,2.1284809583614024
56,2021,1,Hawaii,37050,37050,35500.0,35500.0,0.0,712,Hawaii,725215.0,0.0,0.0,4103.0,0.0,10172.0,0.0,0.0,121.0,0.0,Hawaii,1422094.0,39.1,81275.0,35567.0,130649.0,9.187086085729916,30269.0,2.1284809583614024
57,2021,2,Hawaii,44460,44460,53500.0,53500.0,0.0,770,Hawaii,728732.0,0.0,0.0,1592.0,0.0,11820.0,0.0,0.0,29.0,0.0,Hawaii,1422094.0,39.1,81275.0,35567.0,130649.0,9.187086085729916,30269.0,2.1284809583614024
58,2021,3,Hawaii,99450,99450,71000.0,71000.0,23700.0,828,Hawaii,855240.0,0.0,0.0,2013.0,0.0,13891.0,0.0,0.0,24.0,0.0,Hawaii,1422094.0,39.1,81275.0,35567.0,130649.0,9.187086085729916,30269.0,2.1284809583614024
59,2021,4,Hawaii,62010,62010,45500.0,45500.0,23900.0,886,Hawaii,502852.0,0.0,0.0,1526.0,0.0,7928.0,0.0,0.0,11.0,0.0,Hawaii,1422094.0,39.1,81275.0,35567.0,130649.0,9.187086085729916,30269.0,2.1284809583614024
60,2020,12,Idaho,36075,36075,37700.0,37700.0,0.0,655,Idaho,3846737.0,3213320.0,633417.0,39379.0,8933.0,37608.0,33664.0,3944.0,507.0,92.0,Idaho,1717750.0,36.4,55785.0,27970.0,221256.0,12.880570513753456,35879.0,2.0887207102314074
61,2021,1,Idaho,40950,40950,39800.0,39800.0,0.0,713,Idaho,4762819.0,3901874.0,860945.0,21606.0,5845.0,49426.0,43499.0,5927.0,289.0,45.0,Idaho,1717750.0,36.4,55785.0,27970.0,221256.0,12.880570513753456,35879.0,2.0887207102314074
62,2021,2,Idaho,48555,48555,59700.0,59700.0,0.0,771,Idaho,4691503.0,3813566.0,877937.0,8457.0,2112.0,50469.0,44386.0,6083.0,135.0,14.0,Idaho,1717750.0,36.4,55785.0,27970.0,221256.0,12.880570513753456,35879.0,2.0887207102314074
63,2021,3,Idaho,109980,109980,79000.0,79000.0,26600.0,829,Idaho,5456939.0,4400866.0,1056073.0,9396.0,3147.0,59524.0,52105.0,7419.0,102.0,26.0,Idaho,1717750.0,36.4,55785.0,27970.0,221256.0,12.880570513753456,35879.0,2.0887207102314074
64,2021,4,Idaho,70200,70200,51000.0,51000.0,26700.0,887,Idaho,3109774.0,2496990.0,612784.0,4233.0,1029.0,33806.0,29454.0,4352.0,55.0,8.0,Idaho,1717750.0,36.4,55785.0,27970.0,221256.0,12.880570513753456,35879.0,2.0887207102314074
65,2020,12,Illinois,224250,224250,234900.0,234900.0,0.0,656,Illinois,26767345.0,26767345.0,0.0,237085.0,0.0,487076.0,452523.0,34553.0,4993.0,781.0,Illinois,12770631.0,38.1,65886.0,36038.0,1557873.0,12.198872553752434,394981.0,3.0928855434003224
66,2021,1,Illinois,247650,247650,247000.0,247000.0,0.0,714,Illinois,32760433.0,32760433.0,0.0,162912.0,0.0,615187.0,559113.0,56074.0,3275.0,522.0,Illinois,12770631.0,38.1,65886.0,36038.0,1557873.0,12.198872553752434,394981.0,3.0928855434003224
67,2021,2,Illinois,288600,288600,372300.0,372300.0,0.0,772,Illinois,32502739.0,32502739.0,0.0,60395.0,0.0,618695.0,558622.0,60073.0,1482.0,209.0,Illinois,12770631.0,38.1,65886.0,36038.0,1557873.0,12.198872553752434,394981.0,3.0928855434003224
68,2021,3,Illinois,678600,678600,493500.0,493500.0,164500.0,830,Illinois,37634271.0,37634271.0,0.0,57889.0,0.0,719826.0,649765.0,70061.0,844.0,59.0,Illinois,12770631.0,38.1,65886.0,36038.0,1557873.0,12.198872553752434,394981.0,3.0928855434003224
69,2021,4,Illinois,425880,425880,317500.0,317500.0,166200.0,888,Illinois,21640142.0,21640142.0,0.0,54990.0,0.0,403889.0,365063.0,38826.0,366.0,14.0,Illinois,12770631.0,38.1,65886.0,36038.0,1557873.0,12.198872553752434,394981.0,3.0928855434003224
70,2020,12,Indiana,146250,146250,152500.0,152500.0,0.0,657,Indiana,13534082.0,0.0,0.0,172508.0,0.0,218744.0,208904.0,9840.0,2541.0,86.0,Indiana,6665703.0,37.7,56303.0,29777.0,867996.0,13.021822304414103,161351.0,2.420614899883778
71,2021,1,Indiana,160875,160875,160400.0,160400.0,0.0,715,Indiana,17994078.0,0.0,0.0,115197.0,0.0,287274.0,275742.0,11532.0,1711.0,24.0,Indiana,6665703.0,37.7,56303.0,29777.0,867996.0,13.021822304414103,161351.0,2.420614899883778
72,2021,2,Indiana,187200,187200,241800.0,241800.0,0.0,773,Indiana,18130612.0,0.0,0.0,34991.0,0.0,334774.0,323068.0,11706.0,1092.0,55.0,Indiana,6665703.0,37.7,56303.0,29777.0,867996.0,13.021822304414103,161351.0,2.420614899883778
73,2021,3,Indiana,441090,441090,320500.0,320500.0,106900.0,831,Indiana,20894755.0,0.0,0.0,24824.0,0.0,398621.0,385727.0,12894.0,466.0,-25.0,Indiana,6665703.0,37.7,56303.0,29777.0,867996.0,13.021822304414103,161351.0,2.420614899883778
74,2021,4,Indiana,277290,277290,206000.0,206000.0,107900.0,889,Indiana,11839687.0,0.0,0.0,19088.0,0.0,223180.0,216281.0,6899.0,177.0,2.0,Indiana,6665703.0,37.7,56303.0,29777.0,867996.0,13.021822304414103,161351.0,2.420614899883778
75,2020,12,Iowa,70200,70200,72400.0,72400.0,0.0,658,Iowa,8045903.0,0.0,0.0,51221.0,14456.0,101981.0,0.0,0.0,1488.0,3891.0,Iowa,3139508.0,38.2,60523.0,32176.0,348122.0,11.088425320145705,62573.0,1.993082992621774
76,2021,1,Iowa,77025,77025,76100.0,76100.0,0.0,716,Iowa,9382085.0,0.0,0.0,38578.0,10195.0,133129.0,0.0,0.0,1010.0,1010.0,Iowa,3139508.0,38.2,60523.0,32176.0,348122.0,11.088425320145705,62573.0,1.993082992621774
77,2021,2,Iowa,90090,90090,114800.0,114800.0,0.0,774,Iowa,9208698.0,0.0,0.0,17082.0,4602.0,146602.0,0.0,0.0,570.0,570.0,Iowa,3139508.0,38.2,60523.0,32176.0,348122.0,11.088425320145705,62573.0,1.993082992621774
78,2021,3,Iowa,209430,209430,152000.0,152000.0,50900.0,832,Iowa,10654925.0,0.0,0.0,14670.0,4048.0,174698.0,0.0,0.0,272.0,272.0,Iowa,3139508.0,38.2,60523.0,32176.0,348122.0,11.088425320145705,62573.0,1.993082992621774
79,2021,4,Iowa,132210,132210,97900.0,97900.0,51200.0,890,Iowa,6048960.0,0.0,0.0,8765.0,2145.0,99248.0,0.0,0.0,138.0,138.0,Iowa,3139508.0,38.2,60523.0,32176.0,348122.0,11.088425320145705,62573.0,1.993082992621774
80,2020,12,Kansas,64350,64350,66100.0,66100.0,0.0,659,Kansas,5955169.0,5070514.0,884655.0,64987.0,15998.0,67842.0,0.0,0.0,1181.0,256.0,Kansas,2910652.0,36.7,59597.0,31814.0,337739.0,11.603551369246478,61002.0,2.0958190810856125
81,2021,1,Kansas,72150,72150,69500.0,69500.0,0.0,717,Kansas,7867985.0,6522239.0,1345746.0,52252.0,12931.0,104666.0,0.0,0.0,1038.0,225.0,Kansas,2910652.0,36.7,59597.0,31814.0,337739.0,11.603551369246478,61002.0,2.0958190810856125
82,2021,2,Kansas,82680,82680,104800.0,104800.0,0.0,775,Kansas,8024789.0,6547798.0,1476991.0,18978.0,6162.0,122438.0,0.0,0.0,956.0,247.0,Kansas,2910652.0,36.7,59597.0,31814.0,337739.0,11.603551369246478,61002.0,2.0958190810856125
83,2021,3,Kansas,193050,193050,139000.0,139000.0,46500.0,833,Kansas,9252282.0,7498150.0,1754132.0,8709.0,2329.0,150084.0,0.0,0.0,178.0,35.0,Kansas,2910652.0,36.7,59597.0,31814.0,337739.0,11.603551369246478,61002.0,2.0958190810856125
84,2021,4,Kansas,120510,120510,89300.0,89300.0,46800.0,891,Kansas,5169487.0,4179635.0,989852.0,3489.0,914.0,83895.0,0.0,0.0,40.0,-18.0,Kansas,2910652.0,36.7,59597.0,31814.0,337739.0,11.603551369246478,61002.0,2.0958190810856125
85,2020,12,Kentucky,99450,99450,103200.0,103200.0,0.0,660,Kentucky,7088291.0,5773165.0,1315126.0,86221.0,21389.0,71020.0,66998.0,4022.0,715.0,115.0,Kentucky,4449052.0,38.9,50589.0,28178.0,747010.0,16.790318476835065,116945.0,2.6285374951787484
86,2021,1,Kentucky,111150,111150,108700.0,108700.0,0.0,718,Kentucky,9925071.0,7884724.0,2040347.0,97628.0,26831.0,97311.0,89799.0,7512.0,1122.0,150.0,Kentucky,4449052.0,38.9,50589.0,28178.0,747010.0,16.790318476835065,116945.0,2.6285374951787484
87,2021,2,Kentucky,129285,129285,163700.0,163700.0,0.0,776,Kentucky,10853936.0,8391820.0,2462116.0,41732.0,15304.0,119315.0,108466.0,10849.0,892.0,101.0,Kentucky,4449052.0,38.9,50589.0,28178.0,747010.0,16.790318476835065,116945.0,2.6285374951787484
88,2021,3,Kentucky,299520,299520,217000.0,217000.0,72400.0,834,Kentucky,12928476.0,9876220.0,3052256.0,22254.0,7922.0,164972.0,149470.0,15502.0,733.0,157.0,Kentucky,4449052.0,38.9,50589.0,28178.0,747010.0,16.790318476835065,116945.0,2.6285374951787484
89,2021,4,Kentucky,189540,189540,139500.0,139500.0,73100.0,892,Kentucky,7345952.0,5578996.0,1766956.0,10161.0,3753.0,105768.0,95679.0,10089.0,151.0,14.0,Kentucky,4449052.0,38.9,50589.0,28178.0,747010.0,16.790318476835065,116945.0,2.6285374951787484
90,2020,12,Louisiana,103350,103350,107000.0,107000.0,0.0,661,Louisiana,8533266.0,0.0,0.0,82861.0,17805.0,215113.0,205245.0,9868.0,1068.0,116.0,Louisiana,4664362.0,36.9,49469.0,27923.0,871467.0,18.683519846872947,141020.0,3.023350245971475
91,2021,1,Louisiana,115050,115050,112700.0,112700.0,0.0,719,Louisiana,11214867.0,0.0,0.0,85351.0,21131.0,253071.0,238607.0,14464.0,1371.0,195.0,Louisiana,4664362.0,36.9,49469.0,27923.0,871467.0,18.683519846872947,141020.0,3.023350245971475
92,2021,2,Louisiana,133380,133380,169700.0,169700.0,0.0,777,Louisiana,11714047.0,0.0,0.0,29474.0,9223.0,260429.0,242692.0,17737.0,749.0,117.0,Louisiana,4664362.0,36.9,49469.0,27923.0,871467.0,18.683519846872947,141020.0,3.023350245971475
93,2021,3,Louisiana,311220,311220,225000.0,225000.0,74900.0,835,Louisiana,13580984.0,0.0,0.0,14833.0,4729.0,307155.0,283414.0,23741.0,533.0,163.0,Louisiana,4664362.0,36.9,49469.0,27923.0,871467.0,18.683519846872947,141020.0,3.023350245971475
94,2021,4,Louisiana,195390,195390,144700.0,144700.0,75700.0,893,Louisiana,7624006.0,0.0,0.0,7022.0,2461.0,173613.0,158901.0,14712.0,141.0,42.0,Louisiana,4664362.0,36.9,49469.0,27923.0,871467.0,18.683519846872947,141020.0,3.023350245971475
95,2020,12,Maine,32175,32175,32600.0,32600.0,0.0,662,Maine,554326.0,481301.0,73025.0,12225.0,2263.0,8633.0,8512.0,121.0,133.0,5.0,Maine,1335492.0,44.7,57918.0,32637.0,153131.0,11.466261123241472,28922.0,2.165643822651128
96,2021,1,Maine,35100,35100,34300.0,34300.0,0.0,720,Maine,1023687.0,840588.0,183099.0,15341.0,4125.0,15099.0,14861.0,238.0,248.0,4.0,Maine,1335492.0,44.7,57918.0,32637.0,153131.0,11.466261123241472,28922.0,2.165643822651128
97,2021,2,Maine,40365,40365,51700.0,51700.0,0.0,778,Maine,1193022.0,949415.0,243607.0,5221.0,1844.0,18359.0,17932.0,427.0,108.0,13.0,Maine,1335492.0,44.7,57918.0,32637.0,153131.0,11.466261123241472,28922.0,2.165643822651128
98,2021,3,Maine,95940,95940,68500.0,68500.0,22800.0,836,Maine,1477896.0,1146276.0,331620.0,6025.0,2359.0,22445.0,21731.0,714.0,40.0,0.0,Maine,1335492.0,44.7,57918.0,32637.0,153131.0,11.466261123241472,28922.0,2.165643822651128
99,2021,4,Maine,60840,60840,44000.0,44000.0,23100.0,894,Maine,916680.0,695148.0,221532.0,6497.0,2364.0,12782.0,12389.0,393.0,22.0,1.0,Maine,1335492.0,44.7,57918.0,32637.0,153131.0,11.466261123241472,28922.0,2.165643822651128
100,2020,12,Maryland,133575,133575,140300.0,140300.0,0.0,663,Maryland,7528142.0,0.0,0.0,79084.0,0.0,164590.0,159484.0,5106.0,1269.0,11.0,Maryland,6018848.0,38.7,84805.0,42122.0,539991.0,8.971667003386695,164396.0,2.7313532423480376
101,2021,1,Maryland,148200,148200,147500.0,147500.0,0.0,721,Maryland,10009882.0,0.0,0.0,75417.0,0.0,203756.0,198401.0,5355.0,1212.0,8.0,Maryland,6018848.0,38.7,84805.0,42122.0,539991.0,8.971667003386695,164396.0,2.7313532423480376
102,2021,2,Maryland,173745,173745,222500.0,222500.0,0.0,779,Maryland,10391085.0,0.0,0.0,27066.0,0.0,212017.0,206969.0,5048.0,725.0,6.0,Maryland,6018848.0,38.7,84805.0,42122.0,539991.0,8.971667003386695,164396.0,2.7313532423480376
103,2021,3,Maryland,407160,407160,295000.0,295000.0,98300.0,837,Maryland,12295963.0,0.0,0.0,30226.0,0.0,251123.0,245433.0,5690.0,424.0,3.0,Maryland,6018848.0,38.7,84805.0,42122.0,539991.0,8.971667003386695,164396.0,2.7313532423480376
104,2021,4,Maryland,255060,255060,189700.0,189700.0,99300.0,895,Maryland,7220926.0,0.0,0.0,23100.0,0.0,143420.0,140261.0,3159.0,259.0,1.0,Maryland,6018848.0,38.7,84805.0,42122.0,539991.0,8.971667003386695,164396.0,2.7313532423480376
105,2020,12,Massachusetts,156975,156975,164000.0,164000.0,0.0,664,Massachusetts,9334141.0,9027365.0,306776.0,141116.0,0.0,355954.0,349506.0,6448.0,1645.0,0.0,Massachusetts,6850553.0,39.5,81215.0,43761.0,680962.0,9.940248619345036,183355.0,2.676499254877672
106,2021,1,Massachusetts,173550,173550,172700.0,172700.0,0.0,722,Massachusetts,13856005.0,13549229.0,306776.0,138700.0,0.0,417651.0,411203.0,6448.0,2130.0,0.0,Massachusetts,6850553.0,39.5,81215.0,43761.0,680962.0,9.940248619345036,183355.0,2.676499254877672
107,2021,2,Massachusetts,201825,201825,260200.0,260200.0,0.0,780,Massachusetts,15058547.0,14781459.0,277088.0,52157.0,0.0,429225.0,423401.0,5824.0,1509.0,0.0,Massachusetts,6850553.0,39.5,81215.0,43761.0,680962.0,9.940248619345036,183355.0,2.676499254877672
108,2021,3,Massachusetts,473850,473850,345000.0,345000.0,114900.0,838,Massachusetts,18053673.0,17746897.0,306776.0,47875.0,0.0,513731.0,507283.0,6448.0,1048.0,0.0,Massachusetts,6850553.0,39.5,81215.0,43761.0,680962.0,9.940248619345036,183355.0,2.676499254877672
109,2021,4,Massachusetts,298350,298350,221900.0,221900.0,116100.0,896,Massachusetts,10632597.0,10464365.0,168232.0,32029.0,0.0,292821.0,289285.0,3536.0,266.0,0.0,Massachusetts,6850553.0,39.5,81215.0,43761.0,680962.0,9.940248619345036,183355.0,2.676499254877672
110,2020,12,Michigan,222300,222300,233600.0,233600.0,0.0,665,Michigan,14725689.0,13623574.0,1102115.0,139679.0,11984.0,357468.0,339921.0,17547.0,3454.0,255.0,Michigan,9965265.0,39.7,57144.0,31713.0,1398527.0,14.034017158600399,293894.0,2.949183990591319
111,2021,1,Michigan,245700,245700,245800.0,245800.0,0.0,723,Michigan,17903073.0,16476066.0,1427007.0,81517.0,10420.0,449732.0,423975.0,25757.0,2507.0,239.0,Michigan,9965265.0,39.7,57144.0,31713.0,1398527.0,14.034017158600399,293894.0,2.949183990591319
112,2021,2,Michigan,286650,286650,370400.0,370400.0,0.0,781,Michigan,17638914.0,16100372.0,1538542.0,35412.0,7072.0,450633.0,423534.0,27099.0,983.0,62.0,Michigan,9965265.0,39.7,57144.0,31713.0,1398527.0,14.034017158600399,293894.0,2.949183990591319
113,2021,3,Michigan,672750,672750,491000.0,491000.0,163600.0,839,Michigan,21206155.0,19198094.0,2008061.0,100801.0,16123.0,521263.0,490173.0,31090.0,455.0,41.0,Michigan,9965265.0,39.7,57144.0,31713.0,1398527.0,14.034017158600399,293894.0,2.949183990591319
114,2021,4,Michigan,423540,423540,315800.0,315800.0,165300.0,897,Michigan,13796835.0,12411937.0,1384898.0,127349.0,14301.0,297475.0,279486.0,17989.0,437.0,67.0,Michigan,9965265.0,39.7,57144.0,31713.0,1398527.0,14.034017158600399,293894.0,2.949183990591319
115,2020,12,Minnesota,122850,122850,127800.0,127800.0,0.0,666,Minnesota,11792353.0,0.0,0.0,96539.0,7674.0,142668.0,137117.0,5551.0,1730.0,100.0,Minnesota,5563378.0,38.0,71306.0,37625.0,526065.0,9.455855776831989,111115.0,1.9972577811538241
116,2021,1,Minnesota,134550,134550,134600.0,134600.0,0.0,724,Minnesota,13723942.0,0.0,0.0,46505.0,5685.0,182964.0,174271.0,8693.0,886.0,85.0,Minnesota,5563378.0,38.0,71306.0,37625.0,526065.0,9.455855776831989,111115.0,1.9972577811538241
117,2021,2,Minnesota,157365,157365,202800.0,202800.0,0.0,782,Minnesota,13261675.0,0.0,0.0,22787.0,3562.0,180040.0,170739.0,9301.0,283.0,23.0,Minnesota,5563378.0,38.0,71306.0,37625.0,526065.0,9.455855776831989,111115.0,1.9972577811538241
118,2021,3,Minnesota,369720,369720,269000.0,269000.0,89600.0,840,Minnesota,15509201.0,0.0,0.0,34044.0,6112.0,210239.0,197352.0,12887.0,237.0,114.0,Minnesota,5563378.0,38.0,71306.0,37625.0,526065.0,9.455855776831989,111115.0,1.9972577811538241
119,2021,4,Minnesota,232830,232830,173000.0,173000.0,90400.0,898,Minnesota,9137748.0,0.0,0.0,35007.0,5788.0,119125.0,111301.0,7824.0,157.0,10.0,Minnesota,5563378.0,38.0,71306.0,37625.0,526065.0,9.455855776831989,111115.0,1.9972577811538241
120,2020,12,Mississippi,65325,65325,68400.0,68400.0,0.0,667,Mississippi,5809070.0,4234167.0,1574903.0,63975.0,37828.0,133811.0,111256.0,22555.0,980.0,480.0,Mississippi,2984418.0,37.5,45081.0,24369.0,585786.0,19.628148603848388,99733.0,3.3417905936768912
121,2021,1,Mississippi,72150,72150,72100.0,72100.0,0.0,725,Mississippi,7766207.0,5044827.0,2721380.0,57320.0,32448.0,169847.0,128141.0,41706.0,1240.0,689.0,Mississippi,2984418.0,37.5,45081.0,24369.0,585786.0,19.628148603848388,99733.0,3.3417905936768912
122,2021,2,Mississippi,84825,84825,108300.0,108300.0,0.0,783,Mississippi,8038319.0,5020976.0,3017343.0,19288.0,10097.0,180627.0,127810.0,52817.0,625.0,338.0,Mississippi,2984418.0,37.5,45081.0,24369.0,585786.0,19.628148603848388,99733.0,3.3417905936768912
123,2021,3,Mississippi,198900,198900,143500.0,143500.0,48100.0,841,Mississippi,9333829.0,5756305.0,3577524.0,10423.0,5933.0,214216.0,148836.0,65380.0,340.0,157.0,Mississippi,2984418.0,37.5,45081.0,24369.0,585786.0,19.628148603848388,99733.0,3.3417905936768912
124,2021,4,Mississippi,125190,125190,92400.0,92400.0,48300.0,899,Mississippi,5224372.0,3201100.0,2023272.0,3769.0,1955.0,120617.0,83453.0,37164.0,75.0,46.0,Mississippi,2984418.0,37.5,45081.0,24369.0,585786.0,19.628148603848388,99733.0,3.3417905936768912
125,2020,12,Missouri,135525,135525,141700.0,141700.0,0.0,668,Missouri,11935377.0,0.0,0.0,120664.0,24965.0,147489.0,0.0,0.0,1690.0,0.0,Missouri,6104910.0,38.6,55461.0,30810.0,810045.0,13.268745976599163,139789.0,2.289779865714646
126,2021,1,Missouri,150150,150150,149000.0,149000.0,0.0,726,Missouri,15249489.0,0.0,0.0,87143.0,25349.0,192865.0,0.0,0.0,1229.0,0.0,Missouri,6104910.0,38.6,55461.0,30810.0,810045.0,13.268745976599163,139789.0,2.289779865714646
127,2021,2,Missouri,174915,174915,224500.0,224500.0,0.0,784,Missouri,15297062.0,0.0,0.0,29751.0,10703.0,209873.0,0.0,0.0,1171.0,0.0,Missouri,6104910.0,38.6,55461.0,30810.0,810045.0,13.268745976599163,139789.0,2.289779865714646
128,2021,3,Missouri,410670,410670,297500.0,297500.0,99100.0,842,Missouri,17612968.0,0.0,0.0,19862.0,8416.0,258106.0,0.0,0.0,580.0,0.0,Missouri,6104910.0,38.6,55461.0,30810.0,810045.0,13.268745976599163,139789.0,2.289779865714646
129,2021,4,Missouri,257400,257400,191500.0,191500.0,100200.0,900,Missouri,9914304.0,0.0,0.0,10096.0,3720.0,145376.0,0.0,0.0,136.0,0.0,Missouri,6104910.0,38.6,55461.0,30810.0,810045.0,13.268745976599163,139789.0,2.289779865714646
130,2020,12,Montana,25350,25350,24700.0,24700.0,0.0,669,Montana,2292221.0,2292221.0,0.0,19357.0,0.0,25880.0,25880.0,0.0,280.0,0.0,Montana,1050649.0,39.9,54970.0,31151.0,134605.0,12.811605017470153,21513.0,2.0475915362790045
131,2021,1,Montana,27300,27300,26100.0,26100.0,0.0,727,Montana,2740156.0,2740156.0,0.0,12394.0,0.0,33847.0,33847.0,0.0,272.0,0.0,Montana,1050649.0,39.9,54970.0,31151.0,134605.0,12.811605017470153,21513.0,2.0475915362790045
132,2021,2,Montana,31005,31005,39200.0,39200.0,0.0,785,Montana,2725683.0,2725683.0,0.0,6005.0,0.0,37078.0,37078.0,0.0,124.0,0.0,Montana,1050649.0,39.9,54970.0,31151.0,134605.0,12.811605017470153,21513.0,2.0475915362790045
133,2021,3,Montana,73710,73710,52000.0,52000.0,17200.0,843,Montana,3170674.0,2981955.0,188719.0,4598.0,7258.0,43482.0,43482.0,0.0,80.0,0.0,Montana,1050649.0,39.9,54970.0,31151.0,134605.0,12.811605017470153,21513.0,2.0475915362790045
134,2021,4,Montana,46800,46800,33300.0,33300.0,17500.0,901,Montana,1799970.0,1670964.0,129006.0,2465.0,963.0,25502.0,25502.0,0.0,82.0,0.0,Montana,1050649.0,39.9,54970.0,31151.0,134605.0,12.811605017470153,21513.0,2.0475915362790045
135,2020,12,Nebraska,42900,42900,43600.0,43600.0,0.0,670,Nebraska,4679909.0,0.0,0.0,38391.0,0.0,43646.0,0.0,0.0,633.0,0.0,Nebraska,1914571.0,36.5,61439.0,32302.0,206579.0,10.789832291411496,34535.0,1.803798344381065
136,2021,1,Nebraska,46800,46800,46000.0,46000.0,0.0,728,Nebraska,5596579.0,0.0,0.0,23915.0,0.0,56278.0,0.0,0.0,269.0,0.0,Nebraska,1914571.0,36.5,61439.0,32302.0,206579.0,10.789832291411496,34535.0,1.803798344381065
137,2021,2,Nebraska,53820,53820,69300.0,69300.0,0.0,786,Nebraska,5505980.0,0.0,0.0,10169.0,0.0,56274.0,0.0,0.0,162.0,0.0,Nebraska,1914571.0,36.5,61439.0,32302.0,206579.0,10.789832291411496,34535.0,1.803798344381065
138,2021,3,Nebraska,128700,128700,92000.0,92000.0,30800.0,844,Nebraska,6363437.0,0.0,0.0,8464.0,0.0,66169.0,0.0,0.0,98.0,0.0,Nebraska,1914571.0,36.5,61439.0,32302.0,206579.0,10.789832291411496,34535.0,1.803798344381065
139,2021,4,Nebraska,80730,80730,59100.0,59100.0,30900.0,902,Nebraska,3630645.0,0.0,0.0,6951.0,0.0,37450.0,0.0,0.0,33.0,0.0,Nebraska,1914571.0,36.5,61439.0,32302.0,206579.0,10.789832291411496,34535.0,1.803798344381065
140,2020,12,Nevada,65325,65325,67700.0,67700.0,0.0,671,Nevada,5963183.0,0.0,0.0,72562.0,0.0,81669.0,0.0,0.0,981.0,0.0,Nevada,2972382.0,38.0,60365.0,31557.0,384690.0,12.942145390464617,92426.0,3.1094926560583396
141,2021,1,Nevada,72150,72150,71300.0,71300.0,0.0,729,Nevada,7958303.0,0.0,0.0,53577.0,0.0,114932.0,0.0,0.0,1145.0,0.0,Nevada,2972382.0,38.0,60365.0,31557.0,384690.0,12.942145390464617,92426.0,3.1094926560583396
142,2021,2,Nevada,84825,84825,107500.0,107500.0,0.0,787,Nevada,8053078.0,0.0,0.0,15446.0,0.0,131340.0,0.0,0.0,687.0,0.0,Nevada,2972382.0,38.0,60365.0,31557.0,384690.0,12.942145390464617,92426.0,3.1094926560583396
143,2021,3,Nevada,197730,197730,142500.0,142500.0,47500.0,845,Nevada,9279201.0,0.0,0.0,10008.0,0.0,158849.0,0.0,0.0,292.0,0.0,Nevada,2972382.0,38.0,60365.0,31557.0,384690.0,12.942145390464617,92426.0,3.1094926560583396
144,2021,4,Nevada,124020,124020,91700.0,91700.0,48000.0,903,Nevada,5221008.0,0.0,0.0,6473.0,0.0,90357.0,0.0,0.0,116.0,0.0,Nevada,2972382.0,38.0,60365.0,31557.0,384690.0,12.942145390464617,92426.0,3.1094926560583396
145,2020,12,New Hampshire,32175,32175,32600.0,32600.0,0.0,672,New Hampshire,1021904.0,0.0,0.0,23034.0,7391.0,19496.0,0.0,0.0,232.0,61.0,New Hampshire,1348124.0,42.9,76768.0,40003.0,98682.0,7.319949796902955,27430.0,2.0346793024973966
146,2021,1,New Hampshire,35100,35100,34400.0,34400.0,0.0,730,New Hampshire,1735194.0,0.0,0.0,21667.0,7357.0,28266.0,0.0,0.0,299.0,112.0,New Hampshire,1348124.0,42.9,76768.0,40003.0,98682.0,7.319949796902955,27430.0,2.0346793024973966
147,2021,2,New Hampshire,40365,40365,51700.0,51700.0,0.0,788,New Hampshire,1985785.0,0.0,0.0,9729.0,3649.0,31580.0,0.0,0.0,113.0,41.0,New Hampshire,1348124.0,42.9,76768.0,40003.0,98682.0,7.319949796902955,27430.0,2.0346793024973966
148,2021,3,New Hampshire,95940,95940,68500.0,68500.0,22900.0,846,New Hampshire,2460709.0,0.0,0.0,8752.0,3603.0,37340.0,0.0,0.0,68.0,21.0,New Hampshire,1348124.0,42.9,76768.0,40003.0,98682.0,7.319949796902955,27430.0,2.0346793024973966
149,2021,4,New Hampshire,60840,60840,44100.0,44100.0,23100.0,904,New Hampshire,1494663.0,0.0,0.0,7103.0,2669.0,21322.0,0.0,0.0,28.0,8.0,New Hampshire,1348124.0,42.9,76768.0,40003.0,98682.0,7.319949796902955,27430.0,2.0346793024973966
150,2020,12,New Jersey,197925,197925,207900.0,207900.0,0.0,673,New Jersey,14067740.0,0.0,0.0,160001.0,19945.0,557416.0,498646.0,58770.0,2049.0,192.0,New Jersey,8878503.0,39.9,82545.0,42745.0,869081.0,9.788598370693798,258093.0,2.9069427582555303
151,2021,1,New Jersey,218400,218400,218800.0,218800.0,0.0,731,New Jersey,19149632.0,15272117.0,1714696.0,169045.0,22864.0,630514.0,565867.0,64647.0,2442.0,108.0,New Jersey,8878503.0,39.9,82545.0,42745.0,869081.0,9.788598370693798,258093.0,2.9069427582555303
152,2021,2,New Jersey,255645,255645,329700.0,329700.0,0.0,789,New Jersey,20883255.0,18620638.0,2262617.0,92527.0,14343.0,628952.0,565985.0,62967.0,1768.0,202.0,New Jersey,8878503.0,39.9,82545.0,42745.0,869081.0,9.788598370693798,258093.0,2.9069427582555303
153,2021,3,New Jersey,601380,601380,437000.0,437000.0,145700.0,847,New Jersey,26273273.0,23238063.0,3035210.0,119460.0,21794.0,742686.0,666009.0,76677.0,1309.0,237.0,New Jersey,8878503.0,39.9,82545.0,42745.0,869081.0,9.788598370693798,258093.0,2.9069427582555303
154,2021,4,New Jersey,376740,376740,281100.0,281100.0,147200.0,905,New Jersey,16071478.0,14113950.0,1957528.0,66888.0,10520.0,422039.0,378252.0,43787.0,573.0,24.0,New Jersey,8878503.0,39.9,82545.0,42745.0,869081.0,9.788598370693798,258093.0,2.9069427582555303
155,2020,12,New Mexico,46800,46800,48600.0,48600.0,0.0,674,New Mexico,3811793.0,0.0,0.0,45769.0,0.0,63171.0,0.0,0.0,909.0,1.0,New Mexico,2092454.0,37.8,49754.0,27230.0,392065.0,18.737090516685193,63458.0,3.032707051146644
156,2021,1,New Mexico,52650,52650,51400.0,51400.0,0.0,732,New Mexico,4991706.0,0.0,0.0,31200.0,0.0,90055.0,0.0,0.0,806.0,0.0,New Mexico,2092454.0,37.8,49754.0,27230.0,392065.0,18.737090516685193,63458.0,3.032707051146644
157,2021,2,New Mexico,62010,62010,77300.0,77300.0,0.0,790,New Mexico,5048983.0,0.0,0.0,11068.0,0.0,98562.0,0.0,0.0,433.0,25.0,New Mexico,2092454.0,37.8,49754.0,27230.0,392065.0,18.737090516685193,63458.0,3.032707051146644
158,2021,3,New Mexico,142740,142740,102500.0,102500.0,34100.0,848,New Mexico,5848479.0,0.0,0.0,6520.0,0.0,119567.0,0.0,0.0,221.0,9.0,New Mexico,2092454.0,37.8,49754.0,27230.0,392065.0,18.737090516685193,63458.0,3.032707051146644
159,2021,4,New Mexico,90090,90090,65900.0,65900.0,34500.0,906,New Mexico,3286979.0,0.0,0.0,3216.0,0.0,67529.0,0.0,0.0,64.0,0.0,New Mexico,2092454.0,37.8,49754.0,27230.0,392065.0,18.737090516685193,63458.0,3.032707051146644
160,2020,12,New York,252525,252525,264800.0,264800.0,0.0,675,New York,13664082.0,0.0,0.0,212153.0,0.0,346494.0,0.0,0.0,2564.0,0.0,New York,19572319.0,38.8,68486.0,39326.0,2681277.0,13.699332204834798,547509.0,2.7973639710245886
161,2021,1,New York,278850,278850,278500.0,278500.0,0.0,733,New York,21552025.0,0.0,0.0,263125.0,0.0,450326.0,0.0,0.0,3654.0,0.0,New York,19572319.0,38.8,68486.0,39326.0,2681277.0,13.699332204834798,547509.0,2.7973639710245886
162,2021,2,New York,324870,324870,419800.0,419800.0,0.0,791,New York,24357506.0,0.0,0.0,107667.0,0.0,484271.0,0.0,0.0,1783.0,0.0,New York,19572319.0,38.8,68486.0,39326.0,2681277.0,13.699332204834798,547509.0,2.7973639710245886
163,2021,3,New York,761670,761670,556500.0,556500.0,185300.0,849,New York,30132133.0,0.0,0.0,107227.0,0.0,571596.0,0.0,0.0,781.0,0.0,New York,19572319.0,38.8,68486.0,39326.0,2681277.0,13.699332204834798,547509.0,2.7973639710245886
164,2021,4,New York,478530,478530,358000.0,358000.0,187400.0,907,New York,18031728.0,0.0,0.0,63465.0,0.0,322796.0,0.0,0.0,381.0,0.0,New York,19572319.0,38.8,68486.0,39326.0,2681277.0,13.699332204834798,547509.0,2.7973639710245886
165,2020,12,North Carolina,225225,225225,236700.0,236700.0,0.0,676,North Carolina,14050998.0,13023553.0,1027445.0,175033.0,24600.0,186512.0,178001.0,8511.0,1487.0,249.0,North Carolina,10264876.0,38.7,54602.0,30783.0,1467591.0,14.29721118891256,281344.0,2.7408416818673698
166,2021,1,North Carolina,249600,249600,248900.0,248900.0,0.0,734,North Carolina,20454225.0,18486989.0,1967236.0,217981.0,34959.0,247684.0,228277.0,19407.0,2587.0,487.0,North Carolina,10264876.0,38.7,54602.0,30783.0,1467591.0,14.29721118891256,281344.0,2.7408416818673698
167,2021,2,North Carolina,290745,290745,375200.0,375200.0,0.0,792,North Carolina,22931295.0,20176519.0,2754776.0,101022.0,28607.0,292500.0,260693.0,31807.0,1877.0,397.0,North Carolina,10264876.0,38.7,54602.0,30783.0,1467591.0,14.29721118891256,281344.0,2.7408416818673698
168,2021,3,North Carolina,684450,684450,497500.0,497500.0,165500.0,850,North Carolina,27526559.0,23897424.0,3629135.0,55584.0,15424.0,363530.0,321269.0,42261.0,832.0,124.0,North Carolina,10264876.0,38.7,54602.0,30783.0,1467591.0,14.29721118891256,281344.0,2.7408416818673698
169,2021,4,North Carolina,429390,429390,319900.0,319900.0,167500.0,908,North Carolina,15789425.0,13606038.0,2183387.0,29561.0,7930.0,208139.0,183774.0,24365.0,275.0,49.0,North Carolina,10264876.0,38.7,54602.0,30783.0,1467591.0,14.29721118891256,281344.0,2.7408416818673698
170,2020,12,North Dakota,17550,17550,17800.0,17800.0,0.0,677,North Dakota,2731806.0,2673524.0,58282.0,13115.0,3040.0,36240.0,0.0,0.0,355.0,0.0,North Dakota,756717.0,35.1,64894.0,36062.0,78198.0,10.333850039050265,11406.0,1.507300615685917
171,2021,1,North Dakota,19500,19500,18800.0,18800.0,0.0,735,North Dakota,2964952.0,2847766.0,117186.0,4913.0,1320.0,42668.0,0.0,0.0,113.0,0.0,North Dakota,756717.0,35.1,64894.0,36062.0,78198.0,10.333850039050265,11406.0,1.507300615685917
172,2021,2,North Dakota,22815,22815,28300.0,28300.0,0.0,793,North Dakota,2766713.0,2630819.0,135894.0,2169.0,869.0,40128.0,0.0,0.0,23.0,0.0,North Dakota,756717.0,35.1,64894.0,36062.0,78198.0,10.333850039050265,11406.0,1.507300615685917
173,2021,3,North Dakota,53820,53820,37500.0,37500.0,12600.0,851,North Dakota,3142857.0,2961781.0,181076.0,3447.0,1344.0,45191.0,0.0,0.0,21.0,0.0,North Dakota,756717.0,35.1,64894.0,36062.0,78198.0,10.333850039050265,11406.0,1.507300615685917
174,2021,4,North Dakota,32760,32760,24100.0,24100.0,12700.0,909,North Dakota,1778277.0,1658089.0,120188.0,2455.0,894.0,25009.0,0.0,0.0,13.0,0.0,North Dakota,756717.0,35.1,64894.0,36062.0,78198.0,10.333850039050265,11406.0,1.507300615685917
175,2020,12,Ohio,258375,258375,271600.0,271600.0,0.0,679,Ohio,17883668.0,16366794.0,1516874.0,279317.0,49352.0,240316.0,220839.0,19477.0,2533.0,430.0,Ohio,11655397.0,39.4,56602.0,31552.0,1588343.0,13.627532378347988,314483.0,2.6981749313215158
176,2021,1,Ohio,286650,286650,285600.0,285600.0,0.0,737,Ohio,25171160.0,22223025.0,2948135.0,195412.0,42766.0,313273.0,280829.0,32444.0,2213.0,370.0,Ohio,11655397.0,39.4,56602.0,31552.0,1588343.0,13.627532378347988,314483.0,2.6981749313215158
177,2021,2,Ohio,334230,334230,430400.0,430400.0,0.0,795,Ohio,26258115.0,22668145.0,3589970.0,71630.0,23182.0,412088.0,355446.0,56642.0,2359.0,1368.0,Ohio,11655397.0,39.4,56602.0,31552.0,1588343.0,13.627532378347988,314483.0,2.6981749313215158
178,2021,3,Ohio,783900,783900,570500.0,570500.0,189900.0,853,Ohio,30773162.0,26215094.0,4558068.0,50144.0,17418.0,559392.0,556798.0,2594.0,1314.0,-2588.0,Ohio,11655397.0,39.4,56602.0,31552.0,1588343.0,13.627532378347988,314483.0,2.6981749313215158
179,2021,4,Ohio,492570,492570,367200.0,367200.0,192200.0,911,Ohio,17603970.0,14875741.0,2728229.0,34533.0,9853.0,319444.0,319444.0,0.0,380.0,0.0,Ohio,11655397.0,39.4,56602.0,31552.0,1588343.0,13.627532378347988,314483.0,2.6981749313215158
180,2020,12,Oklahoma,85800,85800,89100.0,89100.0,0.0,680,Oklahoma,8439552.0,7037230.0,1402322.0,105649.0,26934.0,113961.0,103705.0,10256.0,1540.0,318.0,Oklahoma,3932870.0,36.6,52919.0,28422.0,598373.0,15.214665117331618,94834.0,2.4113179433848564
181,2021,1,Oklahoma,95550,95550,93900.0,93900.0,0.0,738,Oklahoma,11554330.0,9298226.0,2256104.0,83427.0,23834.0,163426.0,141435.0,21991.0,1576.0,382.0,Oklahoma,3932870.0,36.6,52919.0,28422.0,598373.0,15.214665117331618,94834.0,2.4113179433848564
182,2021,2,Oklahoma,111735,111735,141400.0,141400.0,0.0,796,Oklahoma,11878763.0,9409350.0,2469413.0,24150.0,7383.0,176756.0,150116.0,26640.0,544.0,110.0,Oklahoma,3932870.0,36.6,52919.0,28422.0,598373.0,15.214665117331618,94834.0,2.4113179433848564
183,2021,3,Oklahoma,259740,259740,187500.0,187500.0,62500.0,854,Oklahoma,13559885.0,10711234.0,2848651.0,8921.0,2403.0,205351.0,174034.0,31317.0,141.0,25.0,Oklahoma,3932870.0,36.6,52919.0,28422.0,598373.0,15.214665117331618,94834.0,2.4113179433848564
184,2021,4,Oklahoma,163800,163800,120600.0,120600.0,63100.0,912,Oklahoma,7534260.0,5946531.0,1587729.0,4282.0,996.0,113743.0,96317.0,17426.0,48.0,10.0,Oklahoma,3932870.0,36.6,52919.0,28422.0,598373.0,15.214665117331618,94834.0,2.4113179433848564
185,2020,12,Oregon,92625,92625,97100.0,97100.0,0.0,681,Oregon,3000431.0,2947111.0,53320.0,38478.0,0.0,38275.0,37810.0,465.0,565.0,0.0,Oregon,4129803.0,39.3,62818.0,33763.0,533527.0,12.918945528394454,114559.0,2.773957982983692
186,2021,1,Oregon,103350,103350,102200.0,102200.0,0.0,739,Oregon,4048264.0,3994944.0,53320.0,28507.0,0.0,53916.0,53451.0,465.0,480.0,0.0,Oregon,4129803.0,39.3,62818.0,33763.0,533527.0,12.918945528394454,114559.0,2.773957982983692
187,2021,2,Oregon,121095,121095,154000.0,154000.0,0.0,797,Oregon,4203288.0,4155128.0,48160.0,13181.0,0.0,58850.0,58430.0,420.0,251.0,0.0,Oregon,4129803.0,39.3,62818.0,33763.0,533527.0,12.918945528394454,114559.0,2.773957982983692
188,2021,3,Oregon,283140,283140,204000.0,204000.0,68200.0,855,Oregon,4964734.0,4956134.0,8600.0,9415.0,-1720.0,72229.0,72154.0,75.0,175.0,-15.0,Oregon,4129803.0,39.3,62818.0,33763.0,533527.0,12.918945528394454,114559.0,2.773957982983692
189,2021,4,Oregon,177840,177840,131400.0,131400.0,68700.0,913,Oregon,2882111.0,2882111.0,0.0,9489.0,0.0,41275.0,41275.0,0.0,77.0,0.0,Oregon,4129803.0,39.3,62818.0,33763.0,533527.0,12.918945528394454,114559.0,2.773957982983692
190,2020,12,Pennsylvania,255450,255450,267500.0,267500.0,0.0,683,Pennsylvania,15896219.0,14495043.0,1401176.0,278847.0,40405.0,407512.0,0.0,0.0,5595.0,915.0,Pennsylvania,12791530.0,40.8,61744.0,34352.0,1539183.0,12.032829536419802,347378.0,2.715687646434789
191,2021,1,Pennsylvania,280800,280800,281300.0,281300.0,0.0,741,Pennsylvania,23352549.0,20631950.0,2720599.0,202899.0,43520.0,588068.0,0.0,0.0,5624.0,807.0,Pennsylvania,12791530.0,40.8,61744.0,34352.0,1539183.0,12.032829536419802,347378.0,2.715687646434789
192,2021,2,Pennsylvania,327015,327015,424000.0,424000.0,0.0,799,Pennsylvania,24997348.0,21605405.0,3391943.0,88418.0,20416.0,645042.0,0.0,0.0,2419.0,164.0,Pennsylvania,12791530.0,40.8,61744.0,34352.0,1539183.0,12.032829536419802,347378.0,2.715687646434789
193,2021,3,Pennsylvania,771030,771030,562000.0,562000.0,187000.0,857,Pennsylvania,30203439.0,25847615.0,4355824.0,93215.0,22703.0,763256.0,0.0,0.0,1072.0,-38.0,Pennsylvania,12791530.0,40.8,61744.0,34352.0,1539183.0,12.032829536419802,347378.0,2.715687646434789
194,2021,4,Pennsylvania,485550,485550,361700.0,361700.0,189200.0,915,Pennsylvania,18097634.0,15354093.0,2743541.0,78759.0,18462.0,431118.0,0.0,0.0,568.0,-12.0,Pennsylvania,12791530.0,40.8,61744.0,34352.0,1539183.0,12.032829536419802,347378.0,2.715687646434789
195,2020,12,Puerto Rico,78975,78975,81300.0,81300.0,0.0,684,Puerto Rico,2026576.0,1930500.0,96076.0,23734.0,3054.0,41088.0,33587.0,7501.0,399.0,39.0,Puerto Rico,3318447.0,41.7,20539.0,12914.0,1449091.0,43.667745785905275,196934.0,5.9345229862040885
196,2021,1,Puerto Rico,87750,87750,85500.0,85500.0,0.0,742,Puerto Rico,2685381.0,2503221.0,182160.0,17184.0,2071.0,52523.0,43840.0,8683.0,315.0,25.0,Puerto Rico,3318447.0,41.7,20539.0,12914.0,1449091.0,43.667745785905275,196934.0,5.9345229862040885
197,2021,2,Puerto Rico,102375,102375,128900.0,128900.0,0.0,800,Puerto Rico,2736236.0,2529757.0,206479.0,6346.0,1078.0,54217.0,45946.0,8271.0,201.0,15.0,Puerto Rico,3318447.0,41.7,20539.0,12914.0,1449091.0,43.667745785905275,196934.0,5.9345229862040885
198,2021,3,Puerto Rico,236340,236340,171000.0,171000.0,57100.0,858,Puerto Rico,3210459.0,2949541.0,260918.0,6886.0,1628.0,64599.0,55256.0,9343.0,81.0,10.0,Puerto Rico,3318447.0,41.7,20539.0,12914.0,1449091.0,43.667745785905275,196934.0,5.9345229862040885
199,2021,4,Puerto Rico,149760,149760,109900.0,109900.0,57500.0,916,Puerto Rico,1934170.0,1738575.0,195595.0,14231.0,4313.0,36619.0,31206.0,5413.0,82.0,8.0,Puerto Rico,3318447.0,41.7,20539.0,12914.0,1449091.0,43.667745785905275,196934.0,5.9345229862040885
200,2020,12,Rhode Island,25350,25350,25600.0,25600.0,0.0,685,Rhode Island,2366030.0,0.0,0.0,32413.0,0.0,52302.0,0.0,0.0,515.0,0.0,Rhode Island,1057231.0,39.9,67167.0,36121.0,125826.0,11.901467134429467,30455.0,2.880638195436948
201,2021,1,Rhode Island,27300,27300,27000.0,27000.0,0.0,743,Rhode Island,3264521.0,0.0,0.0,25533.0,0.0,67145.0,0.0,0.0,425.0,0.0,Rhode Island,1057231.0,39.9,67167.0,36121.0,125826.0,11.901467134429467,30455.0,2.880638195436948
202,2021,2,Rhode Island,32175,32175,40700.0,40700.0,0.0,801,Rhode Island,3411716.0,0.0,0.0,10436.0,0.0,69335.0,0.0,0.0,188.0,0.0,Rhode Island,1057231.0,39.9,67167.0,36121.0,125826.0,11.901467134429467,30455.0,2.880638195436948
203,2021,3,Rhode Island,76050,76050,54000.0,54000.0,18100.0,859,Rhode Island,4096842.0,0.0,0.0,11430.0,0.0,80262.0,0.0,0.0,81.0,0.0,Rhode Island,1057231.0,39.9,67167.0,36121.0,125826.0,11.901467134429467,30455.0,2.880638195436948
204,2021,4,Rhode Island,46800,46800,34700.0,34700.0,18200.0,917,Rhode Island,2399740.0,0.0,0.0,6171.0,0.0,44816.0,0.0,0.0,22.0,0.0,Rhode Island,1057231.0,39.9,67167.0,36121.0,125826.0,11.901467134429467,30455.0,2.880638195436948
205,2020,12,South Carolina,112125,112125,116300.0,116300.0,0.0,686,South Carolina,8350926.0,7639261.0,711665.0,101319.0,16326.0,156112.0,0.0,0.0,1124.0,187.0,South Carolina,5020806.0,39.4,53199.0,29426.0,741650.0,14.771532698136514,139526.0,2.7789562074296437
206,2021,1,South Carolina,122850,122850,122400.0,122400.0,0.0,744,South Carolina,12474080.0,10977959.0,1496121.0,143311.0,29516.0,207439.0,0.0,0.0,2066.0,334.0,South Carolina,5020806.0,39.4,53199.0,29426.0,741650.0,14.771532698136514,139526.0,2.7789562074296437
207,2021,2,South Carolina,142740,142740,184200.0,184200.0,0.0,802,South Carolina,13985690.0,12014170.0,1971520.0,57827.0,15543.0,234347.0,0.0,0.0,1056.0,174.0,South Carolina,5020806.0,39.4,53199.0,29426.0,741650.0,14.771532698136514,139526.0,2.7789562074296437
208,2021,3,South Carolina,336960,336960,244000.0,244000.0,81400.0,860,South Carolina,16732876.0,14165836.0,2567040.0,30214.0,10902.0,280355.0,0.0,0.0,448.0,74.0,South Carolina,5020806.0,39.4,53199.0,29426.0,741650.0,14.771532698136514,139526.0,2.7789562074296437
209,2021,4,South Carolina,211770,211770,157000.0,157000.0,82200.0,918,South Carolina,9546322.0,8001490.0,1544832.0,14344.0,5321.0,157860.0,0.0,0.0,93.0,16.0,South Carolina,5020806.0,39.4,53199.0,29426.0,741650.0,14.771532698136514,139526.0,2.7789562074296437
210,2020,12,South Dakota,20475,20475,19700.0,19700.0,0.0,687,South Dakota,2843016.0,0.0,0.0,18700.0,3623.0,39406.0,32363.0,7043.0,542.0,150.0,South Dakota,870638.0,37.0,58275.0,30773.0,110553.0,12.697929564296528,15736.0,1.8074101980386796
211,2021,1,South Dakota,23400,23400,20800.0,20800.0,0.0,745,South Dakota,3244540.0,0.0,0.0,9086.0,2453.0,50600.0,40858.0,9742.0,290.0,67.0,South Dakota,870638.0,37.0,58275.0,30773.0,110553.0,12.697929564296528,15736.0,1.8074101980386796
212,2021,2,South Dakota,26910,26910,31300.0,31300.0,0.0,803,South Dakota,3089709.0,0.0,0.0,4177.0,1024.0,51382.0,41579.0,9803.0,110.0,6.0,South Dakota,870638.0,37.0,58275.0,30773.0,110553.0,12.697929564296528,15736.0,1.8074101980386796
213,2021,3,South Dakota,58500,58500,41500.0,41500.0,14000.0,861,South Dakota,3565684.0,0.0,0.0,5332.0,1250.0,59314.0,48233.0,11081.0,47.0,2.0,South Dakota,870638.0,37.0,58275.0,30773.0,110553.0,12.697929564296528,15736.0,1.8074101980386796
214,2021,4,South Dakota,36270,36270,26700.0,26700.0,14000.0,919,South Dakota,2030093.0,0.0,0.0,3297.0,776.0,33039.0,26916.0,6123.0,18.0,5.0,South Dakota,870638.0,37.0,58275.0,30773.0,110553.0,12.697929564296528,15736.0,1.8074101980386796
215,2020,12,Tennessee,148200,148200,155000.0,155000.0,0.0,688,Tennessee,14925179.0,13427398.0,1497781.0,212309.0,42562.0,177826.0,158340.0,19486.0,2305.0,521.0,Tennessee,6709356.0,38.7,53320.0,29859.0,996930.0,14.858803139973494,172799.0,2.5754930875630984
216,2021,1,Tennessee,163800,163800,163100.0,163100.0,0.0,746,Tennessee,20843376.0,17906753.0,2936623.0,141059.0,38113.0,256775.0,215418.0,41357.0,2743.0,831.0,Tennessee,6709356.0,38.7,53320.0,29859.0,996930.0,14.858803139973494,172799.0,2.5754930875630984
217,2021,2,Tennessee,191295,191295,245900.0,245900.0,0.0,804,Tennessee,21145675.0,17807188.0,3338487.0,47143.0,15382.0,303057.0,244357.0,58700.0,1761.0,493.0,Tennessee,6709356.0,38.7,53320.0,29859.0,996930.0,14.858803139973494,172799.0,2.5754930875630984
218,2021,3,Tennessee,449280,449280,326000.0,326000.0,108600.0,862,Tennessee,24621515.0,20518070.0,4103445.0,36838.0,11944.0,361690.0,290694.0,70996.0,493.0,106.0,Tennessee,6709356.0,38.7,53320.0,29859.0,996930.0,14.858803139973494,172799.0,2.5754930875630984
219,2021,4,Tennessee,281970,281970,209600.0,209600.0,109700.0,920,Tennessee,13971497.0,11576957.0,2394540.0,18642.0,5518.0,203761.0,163541.0,40220.0,145.0,32.0,Tennessee,6709356.0,38.7,53320.0,29859.0,996930.0,14.858803139973494,172799.0,2.5754930875630984
220,2020,12,Texas,587925,587925,619600.0,619600.0,0.0,689,Texas,47191836.0,0.0,0.0,477740.0,94601.0,856077.0,0.0,0.0,6974.0,0.0,Texas,28260856.0,34.6,61874.0,31277.0,4072194.0,14.409308762622052,708827.0,2.508158280839052
221,2021,1,Texas,650325,650325,651800.0,651800.0,0.0,747,Texas,64325404.0,0.0,0.0,604460.0,96567.0,1125479.0,0.0,0.0,9786.0,0.0,Texas,28260856.0,34.6,61874.0,31277.0,4072194.0,14.409308762622052,708827.0,2.508158280839052
222,2021,2,Texas,758355,758355,982300.0,982300.0,0.0,805,Texas,71184338.0,0.0,0.0,283392.0,55400.0,1229116.0,0.0,0.0,5046.0,0.0,Texas,28260856.0,34.6,61874.0,31277.0,4072194.0,14.409308762622052,708827.0,2.508158280839052
223,2021,3,Texas,1783080,1783080,1302000.0,1302000.0,433500.0,863,Texas,84423908.0,0.0,0.0,139281.0,31103.0,1464326.0,0.0,0.0,1908.0,0.0,Texas,28260856.0,34.6,61874.0,31277.0,4072194.0,14.409308762622052,708827.0,2.508158280839052
224,2021,4,Texas,1120860,1120860,837700.0,837700.0,438400.0,921,Texas,47804738.0,0.0,0.0,51436.0,11574.0,818292.0,0.0,0.0,668.0,0.0,Texas,28260856.0,34.6,61874.0,31277.0,4072194.0,14.409308762622052,708827.0,2.508158280839052
225,2020,12,Utah,61425,61425,64400.0,64400.0,0.0,690,Utah,7428927.0,7428927.0,0.0,80906.0,0.0,33713.0,33103.0,610.0,398.0,9.0,Utah,3096848.0,30.8,71621.0,29775.0,298537.0,9.64002753767702,55539.0,1.793404132201516
226,2021,1,Utah,68250,68250,67900.0,67900.0,0.0,748,Utah,9845394.0,9845394.0,0.0,70012.0,0.0,45771.0,44593.0,1178.0,396.0,21.0,Utah,3096848.0,30.8,71621.0,29775.0,298537.0,9.64002753767702,55539.0,1.793404132201516
227,2021,2,Utah,80730,80730,102200.0,102200.0,0.0,806,Utah,10101048.0,10101048.0,0.0,24611.0,0.0,50350.0,48820.0,1530.0,270.0,10.0,Utah,3096848.0,30.8,71621.0,29775.0,298537.0,9.64002753767702,55539.0,1.793404132201516
228,2021,3,Utah,188370,188370,135500.0,135500.0,45300.0,864,Utah,11749981.0,11749981.0,0.0,14406.0,0.0,63055.0,61274.0,1781.0,187.0,3.0,Utah,3096848.0,30.8,71621.0,29775.0,298537.0,9.64002753767702,55539.0,1.793404132201516
229,2021,4,Utah,117000,117000,87100.0,87100.0,45600.0,922,Utah,6617247.0,6617247.0,0.0,6868.0,0.0,36645.0,35615.0,1030.0,103.0,2.0,Utah,3096848.0,30.8,71621.0,29775.0,298537.0,9.64002753767702,55539.0,1.793404132201516
230,2020,12,Vermont,16575,16575,15400.0,15400.0,0.0,691,Vermont,185248.0,0.0,0.0,3240.0,172.0,3169.0,0.0,0.0,67.0,0.0,Vermont,624313.0,42.9,61973.0,34577.0,65652.0,10.51587905425644,12323.0,1.9738496555413712
231,2021,1,Vermont,18525,18525,16300.0,16300.0,0.0,749,Vermont,303990.0,0.0,0.0,4553.0,130.0,4980.0,0.0,0.0,38.0,6.0,Vermont,624313.0,42.9,61973.0,34577.0,65652.0,10.51587905425644,12323.0,1.9738496555413712
232,2021,2,Vermont,21645,21645,24500.0,24500.0,0.0,807,Vermont,383757.0,0.0,0.0,3233.0,134.0,5334.0,0.0,0.0,30.0,1.0,Vermont,624313.0,42.9,61973.0,34577.0,65652.0,10.51587905425644,12323.0,1.9738496555413712
233,2021,3,Vermont,46800,46800,32500.0,32500.0,10900.0,865,Vermont,531932.0,0.0,0.0,4325.0,92.0,6681.0,0.0,0.0,23.0,0.0,Vermont,624313.0,42.9,61973.0,34577.0,65652.0,10.51587905425644,12323.0,1.9738496555413712
234,2021,4,Vermont,29250,29250,20700.0,20700.0,10900.0,923,Vermont,353568.0,0.0,0.0,2346.0,46.0,3951.0,0.0,0.0,15.0,0.0,Vermont,624313.0,42.9,61973.0,34577.0,65652.0,10.51587905425644,12323.0,1.9738496555413712
235,2020,12,Virginia,188175,188175,197000.0,197000.0,0.0,693,Virginia,9191057.0,7894017.0,1297040.0,114703.0,30566.0,141230.0,127043.0,14187.0,988.0,260.0,Virginia,8454463.0,38.2,74222.0,39278.0,865691.0,10.239455776197731,200850.0,2.3756683304427497
236,2021,1,Virginia,206700,206700,207200.0,207200.0,0.0,751,Virginia,13509881.0,11017299.0,2492582.0,152873.0,43336.0,178334.0,156890.0,21444.0,1393.0,205.0,Virginia,8454463.0,38.2,74222.0,39278.0,865691.0,10.239455776197731,200850.0,2.3756683304427497
237,2021,2,Virginia,242190,242190,312300.0,312300.0,0.0,809,Virginia,15378401.0,12191883.0,3186518.0,69534.0,21390.0,203280.0,174961.0,28319.0,2309.0,445.0,Virginia,8454463.0,38.2,74222.0,39278.0,865691.0,10.239455776197731,200850.0,2.3756683304427497
238,2021,3,Virginia,568620,568620,414000.0,414000.0,137900.0,867,Virginia,18579263.0,14588982.0,3990281.0,43628.0,13325.0,308243.0,258950.0,49293.0,1486.0,401.0,Virginia,8454463.0,38.2,74222.0,39278.0,865691.0,10.239455776197731,200850.0,2.3756683304427497
239,2021,4,Virginia,358020,358020,266300.0,266300.0,139500.0,925,Virginia,10779674.0,8405929.0,2373745.0,25331.0,7326.0,177613.0,148968.0,28645.0,312.0,45.0,Virginia,8454463.0,38.2,74222.0,39278.0,865691.0,10.239455776197731,200850.0,2.3756683304427497
240,2020,12,Washington,164775,164775,172300.0,172300.0,0.0,694,Washington,6490511.0,0.0,0.0,81733.0,9587.0,94663.0,0.0,0.0,687.0,0.0,Washington,7404107.0,37.7,73775.0,38915.0,785244.0,10.605519342170501,187330.0,2.530082290815084
241,2021,1,Washington,195975,195975,181400.0,181400.0,0.0,752,Washington,8810814.0,0.0,0.0,66048.0,4614.0,120463.0,0.0,0.0,824.0,0.0,Washington,7404107.0,37.7,73775.0,38915.0,785244.0,10.605519342170501,187330.0,2.530082290815084
242,2021,2,Washington,213135,213135,273100.0,273100.0,0.0,810,Washington,9193110.0,0.0,0.0,27456.0,4565.0,130927.0,0.0,0.0,671.0,0.0,Washington,7404107.0,37.7,73775.0,38915.0,785244.0,10.605519342170501,187330.0,2.530082290815084
243,2021,3,Washington,497250,497250,362000.0,362000.0,120500.0,868,Washington,10908054.0,0.0,0.0,24230.0,4359.0,159116.0,0.0,0.0,291.0,0.0,Washington,7404107.0,37.7,73775.0,38915.0,785244.0,10.605519342170501,187330.0,2.530082290815084
244,2021,4,Washington,313560,313560,233100.0,233100.0,121900.0,926,Washington,6373673.0,0.0,0.0,21063.0,3832.0,90416.0,0.0,0.0,133.0,0.0,Washington,7404107.0,37.7,73775.0,38915.0,785244.0,10.605519342170501,187330.0,2.530082290815084
245,2020,12,West Virginia,42900,42900,43900.0,43900.0,0.0,695,West Virginia,2081323.0,1727152.0,354171.0,37492.0,8833.0,32316.0,0.0,0.0,603.0,110.0,West Virginia,1817305.0,42.5,46711.0,26480.0,310044.0,17.06064749725555,51910.0,2.856427512167743
246,2021,1,West Virginia,46800,46800,46300.0,46300.0,0.0,753,West Virginia,3300070.0,2655550.0,644520.0,35667.0,8097.0,53239.0,0.0,0.0,686.0,148.0,West Virginia,1817305.0,42.5,46711.0,26480.0,310044.0,17.06064749725555,51910.0,2.856427512167743
247,2021,2,West Virginia,53820,53820,69700.0,69700.0,0.0,811,West Virginia,3563232.0,2852586.0,710646.0,10854.0,2605.0,61450.0,0.0,0.0,276.0,51.0,West Virginia,1817305.0,42.5,46711.0,26480.0,310044.0,17.06064749725555,51910.0,2.856427512167743
248,2021,3,West Virginia,128700,128700,92500.0,92500.0,30900.0,869,West Virginia,4227093.0,3366672.0,860421.0,9883.0,2893.0,77397.0,0.0,0.0,211.0,94.0,West Virginia,1817305.0,42.5,46711.0,26480.0,310044.0,17.06064749725555,51910.0,2.856427512167743
249,2021,4,West Virginia,80730,80730,59400.0,59400.0,31100.0,927,West Virginia,2470246.0,1951426.0,518820.0,6779.0,1930.0,46420.0,0.0,0.0,104.0,19.0,West Virginia,1817305.0,42.5,46711.0,26480.0,310044.0,17.06064749725555,51910.0,2.856427512167743
250,2020,12,Wisconsin,129675,129675,135900.0,135900.0,0.0,696,Wisconsin,14724485.0,13694597.0,1029888.0,108708.0,14841.0,139374.0,130248.0,9126.0,1748.0,202.0,Wisconsin,5790716.0,39.5,61747.0,33375.0,639160.0,11.037667880794016,111564.0,1.9266011318807554
251,2021,1,Wisconsin,144300,144300,143000.0,143000.0,0.0,754,Wisconsin,17417378.0,16013179.0,1404199.0,71702.0,10389.0,181066.0,167029.0,14037.0,1192.0,155.0,Wisconsin,5790716.0,39.5,61747.0,33375.0,639160.0,11.037667880794016,111564.0,1.9266011318807554
252,2021,2,Wisconsin,168675,168675,215400.0,215400.0,0.0,812,Wisconsin,16987494.0,15535851.0,1451643.0,25227.0,3682.0,189167.0,173006.0,16161.0,580.0,64.0,Wisconsin,5790716.0,39.5,61747.0,33375.0,639160.0,11.037667880794016,111564.0,1.9266011318807554
253,2021,3,Wisconsin,394290,394290,285500.0,285500.0,95200.0,870,Wisconsin,19427987.0,17685357.0,1742630.0,18674.0,5439.0,222768.0,202729.0,20039.0,301.0,91.0,Wisconsin,5790716.0,39.5,61747.0,33375.0,639160.0,11.037667880794016,111564.0,1.9266011318807554
254,2021,4,Wisconsin,246870,246870,183800.0,183800.0,96100.0,928,Wisconsin,10942905.0,9922905.0,1020000.0,14908.0,2163.0,125312.0,113347.0,11965.0,107.0,18.0,Wisconsin,5790716.0,39.5,61747.0,33375.0,639160.0,11.037667880794016,111564.0,1.9266011318807554
255,2020,12,Wyoming,13650,13650,13500.0,13500.0,0.0,697,Wyoming,1239260.0,1071475.0,167785.0,11104.0,2147.0,10232.0,10232.0,0.0,223.0,0.0,Wyoming,581024.0,37.7,64049.0,33366.0,62257.0,10.715047915404528,13544.0,2.331056892658479
256,2021,1,Wyoming,15600,15600,14400.0,14400.0,0.0,755,Wyoming,1509246.0,1289453.0,219793.0,7503.0,1209.0,16289.0,16289.0,0.0,158.0,0.0,Wyoming,581024.0,37.7,64049.0,33366.0,62257.0,10.715047915404528,13544.0,2.331056892658479
257,2021,2,Wyoming,17550,17550,21500.0,21500.0,0.0,813,Wyoming,1491294.0,1268845.0,222449.0,2482.0,710.0,18153.0,18153.0,0.0,75.0,0.0,Wyoming,581024.0,37.7,64049.0,33366.0,62257.0,10.715047915404528,13544.0,2.331056892658479
258,2021,3,Wyoming,42120,42120,28500.0,28500.0,9600.0,871,Wyoming,1716641.0,1453556.0,263085.0,1916.0,338.0,21393.0,21393.0,0.0,29.0,0.0,Wyoming,581024.0,37.7,64049.0,33366.0,62257.0,10.715047915404528,13544.0,2.331056892658479
259,2021,4,Wyoming,25740,25740,18200.0,18200.0,9500.0,929,Wyoming,965921.0,817473.0,148448.0,957.0,164.0,11922.0,11922.0,0.0,3.0,0.0,Wyoming,581024.0,37.7,64049.0,33366.0,62257.0,10.715047915404528,13544.0,2.331056892658479
