,state_name,state_code,date,day_num,pfe_dose_1,pfe_dose_2,mrna_dose_1,mrna_dose_2,jnj_dose_1
0,Connecticut,CT,04/19/2021,126,54990,54990,40400.0,40400.0,0.0
1,Maine,ME,04/19/2021,126,21060,21060,15400.0,15400.0,0.0
2,Massachusetts,MA,04/19/2021,126,105300,105300,77700.0,77700.0,0.0
3,New Hampshire,NH,04/19/2021,126,21060,21060,15500.0,15500.0,0.0
4,Rhode Island,RI,04/19/2021,126,16380,16380,12100.0,12100.0,0.0
5,Vermont,VT,04/19/2021,126,10530,10530,7300.0,7300.0,0.0
6,New Jersey,NJ,04/19/2021,126,132210,132210,98500.0,98500.0,0.0
7,New York,NY,04/19/2021,126,168480,168480,125400.0,125400.0,0.0
8,New York City,,04/19/2021,126,128700,128700,95200.0,95200.0,0.0
9,Puerto Rico,PR,04/19/2021,126,52650,52650,38500.0,38500.0,0.0
10,U.S. Virgin Islands,,04/19/2021,126,2340,2340,1200.0,1200.0,0.0
11,Delaware,DE,04/19/2021,126,15210,15210,10700.0,10700.0,0.0
12,District of Columbia,DC,04/19/2021,126,11700,11700,8100.0,8100.0,0.0
13,Maryland,MD,04/19/2021,126,90090,90090,66500.0,66500.0,0.0
14,Pennsylvania,PA,04/19/2021,126,170820,170820,126700.0,126700.0,0.0
15,Philadelphia,,04/19/2021,126,24570,24570,17600.0,17600.0,0.0
16,Virginia,VA,04/19/2021,126,126360,126360,93300.0,93300.0,0.0
17,West Virginia,WV,04/19/2021,126,28080,28080,20800.0,20800.0,0.0
18,Alabama,AL,04/19/2021,126,72540,72540,53700.0,53700.0,0.0
19,Florida,FL,04/19/2021,126,314730,314730,234500.0,234500.0,0.0
20,Georgia,GA,04/19/2021,126,149760,149760,111100.0,111100.0,0.0
21,Kentucky,KY,04/19/2021,126,66690,66690,48900.0,48900.0,0.0
22,Mississippi,MS,04/19/2021,126,44460,44460,32400.0,32400.0,0.0
23,North Carolina,NC,04/19/2021,126,150930,150930,112100.0,112100.0,0.0
24,South Carolina,SC,04/19/2021,126,74880,74880,55000.0,55000.0,0.0
25,Tennessee,TN,04/19/2021,126,99450,99450,73400.0,73400.0,0.0
26,Chicago,,04/19/2021,126,40950,40950,29900.0,29900.0,0.0
27,Illinois,IL,04/19/2021,126,149760,149760,111300.0,111300.0,0.0
28,Indiana,IN,04/19/2021,126,97110,97110,72200.0,72200.0,0.0
29,Michigan,MI,04/19/2021,126,148590,148590,110600.0,110600.0,0.0
30,Minnesota,MN,04/19/2021,126,81900,81900,60600.0,60600.0,0.0
31,Ohio,OH,04/19/2021,126,173160,173160,128600.0,128600.0,0.0
32,Wisconsin,WI,04/19/2021,126,86580,86580,64400.0,64400.0,0.0
33,Arkansas,AR,04/19/2021,126,44460,44460,32600.0,32600.0,0.0
34,Louisiana,LA,04/19/2021,126,69030,69030,50700.0,50700.0,0.0
35,New Mexico,NM,04/19/2021,126,31590,31590,23100.0,23100.0,0.0
36,Oklahoma,OK,04/19/2021,126,57330,57330,42200.0,42200.0,0.0
37,Texas,TX,04/19/2021,126,394290,394290,293500.0,293500.0,0.0
38,Iowa,IA,04/19/2021,126,46800,46800,34300.0,34300.0,0.0
39,Kansas,KS,04/19/2021,126,42120,42120,31300.0,31300.0,0.0
40,Missouri,MO,04/19/2021,126,90090,90090,67100.0,67100.0,0.0
41,Nebraska,NE,04/19/2021,126,28080,28080,20700.0,20700.0,0.0
42,Colorado,CO,04/19/2021,126,81900,81900,60900.0,60900.0,0.0
43,Montana,MT,04/19/2021,126,16380,16380,11700.0,11700.0,0.0
44,North Dakota,ND,04/19/2021,126,11700,11700,8500.0,8500.0,0.0
45,South Dakota,SD,04/19/2021,126,12870,12870,9300.0,9300.0,0.0
46,Utah,UT,04/19/2021,126,40950,40950,30500.0,30500.0,0.0
47,Wyoming,WY,04/19/2021,126,9360,9360,6400.0,6400.0,0.0
48,Arizona,AZ,04/19/2021,126,102960,102960,76200.0,76200.0,0.0
49,California,CA,04/19/2021,126,575640,575640,428600.0,428600.0,0.0
50,Hawaii,HI,04/19/2021,126,22230,22230,15900.0,15900.0,0.0
51,Nevada,NV,04/19/2021,126,43290,43290,32100.0,32100.0,0.0
52,American Samoa,AS,04/19/2021,126,0,0,0.0,0.0,0.0
53,Guam,GU,04/19/2021,126,0,0,0.0,0.0,0.0
54,Marshall Islands,MH,04/19/2021,126,0,0,0.0,0.0,0.0
55,Micronesia,FM,04/19/2021,126,0,0,0.0,0.0,0.0
56,Mariana Islands,,04/19/2021,126,0,0,0.0,0.0,0.0
57,Palau,PW,04/19/2021,126,0,0,0.0,0.0,0.0
58,Alaska,AK,04/19/2021,126,0,0,0.0,0.0,0.0
59,Idaho,ID,04/19/2021,126,24570,24570,17800.0,17800.0,0.0
60,Oregon,OR,04/19/2021,126,62010,62010,46000.0,46000.0,0.0
61,Washington,WA,04/19/2021,126,109980,109980,81700.0,81700.0,0.0
62,Federal Entities,,04/19/2021,126,203580,203580,149400.0,149400.0,0.0
63,Connecticut,CT,04/12/2021,119,51480,51480,37400.0,37400.0,6400.0
64,Maine,ME,04/12/2021,119,19890,19890,14300.0,14300.0,2500.0
65,Massachusetts,MA,04/12/2021,119,97110,97110,72100.0,72100.0,12300.0
66,New Hampshire,NH,04/12/2021,119,19890,19890,14300.0,14300.0,2500.0
67,Rhode Island,RI,04/12/2021,119,15210,15210,11300.0,11300.0,2000.0
68,Vermont,VT,04/12/2021,119,9360,9360,6700.0,6700.0,1200.0
69,New Jersey,NJ,04/12/2021,119,124020,124020,91300.0,91300.0,15600.0
70,New York,NY,04/12/2021,119,156780,156780,116300.0,116300.0,19800.0
71,New York City,,04/12/2021,119,119340,119340,88300.0,88300.0,15100.0
72,Puerto Rico,PR,04/12/2021,119,49140,49140,35700.0,35700.0,6100.0
73,U.S. Virgin Islands,,04/12/2021,119,2340,2340,1100.0,1100.0,200.0
74,Delaware,DE,04/12/2021,119,14040,14040,9900.0,9900.0,1700.0
75,District of Columbia,DC,04/12/2021,119,10530,10530,7500.0,7500.0,1300.0
76,Maryland,MD,04/12/2021,119,83070,83070,61600.0,61600.0,10500.0
77,Pennsylvania,PA,04/12/2021,119,159120,159120,117500.0,117500.0,20000.0
78,Philadelphia,,04/12/2021,119,22230,22230,16300.0,16300.0,2800.0
79,Virginia,VA,04/12/2021,119,117000,117000,86500.0,86500.0,14800.0
80,West Virginia,WV,04/12/2021,119,26910,26910,19300.0,19300.0,3300.0
81,Alabama,AL,04/12/2021,119,67860,67860,49800.0,49800.0,8500.0
82,Florida,FL,04/12/2021,119,293670,293670,217400.0,217400.0,37000.0
83,Georgia,GA,04/12/2021,119,139230,139230,103000.0,103000.0,17600.0
84,Kentucky,KY,04/12/2021,119,62010,62010,45300.0,45300.0,7800.0
85,Mississippi,MS,04/12/2021,119,40950,40950,30000.0,30000.0,5100.0
86,North Carolina,NC,04/12/2021,119,140400,140400,103900.0,103900.0,17700.0
87,South Carolina,SC,04/12/2021,119,69030,69030,51000.0,51000.0,8700.0
88,Tennessee,TN,04/12/2021,119,92430,92430,68100.0,68100.0,11600.0
89,Chicago,,04/12/2021,119,37440,37440,27700.0,27700.0,4800.0
90,Illinois,IL,04/12/2021,119,139230,139230,103100.0,103100.0,17600.0
91,Indiana,IN,04/12/2021,119,91260,91260,66900.0,66900.0,11400.0
92,Michigan,MI,04/12/2021,119,139230,139230,102600.0,102600.0,17500.0
93,Minnesota,MN,04/12/2021,119,76050,76050,56200.0,56200.0,9600.0
94,Ohio,OH,04/12/2021,119,161460,161460,119300.0,119300.0,20300.0
95,Wisconsin,WI,04/12/2021,119,80730,80730,59700.0,59700.0,10200.0
96,Arkansas,AR,04/12/2021,119,40950,40950,30200.0,30200.0,5200.0
97,Louisiana,LA,04/12/2021,119,64350,64350,47000.0,47000.0,8000.0
98,New Mexico,NM,04/12/2021,119,29250,29250,21400.0,21400.0,3700.0
99,Oklahoma,OK,04/12/2021,119,53820,53820,39200.0,39200.0,6700.0
100,Texas,TX,04/12/2021,119,367380,367380,272100.0,272100.0,46300.0
101,Iowa,IA,04/12/2021,119,43290,43290,31800.0,31800.0,5400.0
102,Kansas,KS,04/12/2021,119,39780,39780,29000.0,29000.0,5000.0
103,Missouri,MO,04/12/2021,119,84240,84240,62200.0,62200.0,10600.0
104,Nebraska,NE,04/12/2021,119,26910,26910,19200.0,19200.0,3300.0
105,Colorado,CO,04/12/2021,119,76050,76050,56500.0,56500.0,9700.0
106,Montana,MT,04/12/2021,119,15210,15210,10800.0,10800.0,1900.0
107,North Dakota,ND,04/12/2021,119,10530,10530,7800.0,7800.0,1400.0
108,South Dakota,SD,04/12/2021,119,11700,11700,8700.0,8700.0,1500.0
109,Utah,UT,04/12/2021,119,38610,38610,28300.0,28300.0,4900.0
110,Wyoming,WY,04/12/2021,119,8190,8190,5900.0,5900.0,1000.0
111,Arizona,AZ,04/12/2021,119,95940,95940,70600.0,70600.0,12000.0
112,California,CA,04/12/2021,119,535860,535860,397400.0,397400.0,67600.0
113,Hawaii,HI,04/12/2021,119,19890,19890,14800.0,14800.0,2600.0
114,Nevada,NV,04/12/2021,119,40950,40950,29800.0,29800.0,5100.0
115,American Samoa,AS,04/12/2021,119,0,0,0.0,0.0,0.0
116,Guam,GU,04/12/2021,119,0,0,0.0,0.0,0.0
117,Marshall Islands,MH,04/12/2021,119,0,0,0.0,0.0,0.0
118,Micronesia,FM,04/12/2021,119,0,0,0.0,0.0,0.0
119,Mariana Islands,,04/12/2021,119,0,0,0.0,0.0,0.0
120,Palau,PW,04/12/2021,119,0,0,0.0,0.0,0.0
121,Alaska,AK,04/12/2021,119,0,0,0.0,0.0,1900.0
122,Idaho,ID,04/12/2021,119,23400,23400,16600.0,16600.0,2900.0
123,Oregon,OR,04/12/2021,119,58500,58500,42700.0,42700.0,7300.0
124,Washington,WA,04/12/2021,119,102960,102960,75700.0,75700.0,12900.0
125,Federal Entities,,04/12/2021,119,201240,201240,149400.0,149400.0,129600.0
126,Connecticut,CT,04/05/2021,112,50310,50310,37400.0,37400.0,53900.0
127,Maine,ME,04/05/2021,112,19890,19890,14300.0,14300.0,20600.0
128,Massachusetts,MA,04/05/2021,112,95940,95940,72100.0,72100.0,103800.0
129,New Hampshire,NH,04/05/2021,112,19890,19890,14300.0,14300.0,20600.0
130,Rhode Island,RI,04/05/2021,112,15210,15210,11300.0,11300.0,16200.0
131,Vermont,VT,04/05/2021,112,9360,9360,6700.0,6700.0,9700.0
132,New Jersey,NJ,04/05/2021,112,120510,120510,91300.0,91300.0,131600.0
133,New York,NY,04/05/2021,112,153270,153270,116300.0,116300.0,167600.0
134,New York City,,04/05/2021,112,117000,117000,88300.0,88300.0,127200.0
135,Puerto Rico,PR,04/05/2021,112,47970,47970,35700.0,35700.0,51400.0
136,U.S. Virgin Islands,,04/05/2021,112,2340,2340,1100.0,1100.0,1600.0
137,Delaware,DE,04/05/2021,112,14040,14040,9900.0,9900.0,14300.0
138,District of Columbia,DC,04/05/2021,112,10530,10530,7500.0,7500.0,10800.0
139,Maryland,MD,04/05/2021,112,81900,81900,61600.0,61600.0,88800.0
140,Pennsylvania,PA,04/05/2021,112,155610,155610,117500.0,117500.0,169200.0
141,Philadelphia,,04/05/2021,112,22230,22230,16300.0,16300.0,23500.0
142,Virginia,VA,04/05/2021,112,114660,114660,86500.0,86500.0,124700.0
143,West Virginia,WV,04/05/2021,112,25740,25740,19300.0,19300.0,27800.0
144,Alabama,AL,04/05/2021,112,66690,66690,49800.0,49800.0,71800.0
145,Florida,FL,04/05/2021,112,286650,286650,217400.0,217400.0,313200.0
146,Georgia,GA,04/05/2021,112,136890,136890,103000.0,103000.0,148500.0
147,Kentucky,KY,04/05/2021,112,60840,60840,45300.0,45300.0,65300.0
148,Mississippi,MS,04/05/2021,112,39780,39780,30000.0,30000.0,43200.0
149,North Carolina,NC,04/05/2021,112,138060,138060,103900.0,103900.0,149800.0
150,South Carolina,SC,04/05/2021,112,67860,67860,51000.0,51000.0,73500.0
151,Tennessee,TN,04/05/2021,112,90090,90090,68100.0,68100.0,98100.0
152,Chicago,,04/05/2021,112,37440,37440,27700.0,27700.0,39900.0
153,Illinois,IL,04/05/2021,112,136890,136890,103100.0,103100.0,148600.0
154,Indiana,IN,04/05/2021,112,88920,88920,66900.0,66900.0,96500.0
155,Michigan,MI,04/05/2021,112,135720,135720,102600.0,102600.0,147800.0
156,Minnesota,MN,04/05/2021,112,74880,74880,56200.0,56200.0,80800.0
157,Ohio,OH,04/05/2021,112,157950,157950,119300.0,119300.0,171900.0
158,Wisconsin,WI,04/05/2021,112,79560,79560,59700.0,59700.0,85900.0
159,Arkansas,AR,04/05/2021,112,39780,39780,30200.0,30200.0,43500.0
160,Louisiana,LA,04/05/2021,112,62010,62010,47000.0,47000.0,67700.0
161,New Mexico,NM,04/05/2021,112,29250,29250,21400.0,21400.0,30800.0
162,Oklahoma,OK,04/05/2021,112,52650,52650,39200.0,39200.0,56400.0
163,Texas,TX,04/05/2021,112,359190,359190,272100.0,272100.0,392100.0
164,Iowa,IA,04/05/2021,112,42120,42120,31800.0,31800.0,45800.0
165,Kansas,KS,04/05/2021,112,38610,38610,29000.0,29000.0,41800.0
166,Missouri,MO,04/05/2021,112,83070,83070,62200.0,62200.0,89600.0
167,Nebraska,NE,04/05/2021,112,25740,25740,19200.0,19200.0,27600.0
168,Colorado,CO,04/05/2021,112,74880,74880,56500.0,56500.0,81400.0
169,Montana,MT,04/05/2021,112,15210,15210,10800.0,10800.0,15600.0
170,North Dakota,ND,04/05/2021,112,10530,10530,7800.0,7800.0,11300.0
171,South Dakota,SD,04/05/2021,112,11700,11700,8700.0,8700.0,12500.0
172,Utah,UT,04/05/2021,112,37440,37440,28300.0,28300.0,40700.0
173,Wyoming,WY,04/05/2021,112,8190,8190,5900.0,5900.0,8500.0
174,Arizona,AZ,04/05/2021,112,93600,93600,70600.0,70600.0,101700.0
175,California,CA,04/05/2021,112,524160,524160,397400.0,397400.0,572700.0
176,Hawaii,HI,04/05/2021,112,19890,19890,14800.0,14800.0,21300.0
177,Nevada,NV,04/05/2021,112,39780,39780,29800.0,29800.0,42900.0
178,American Samoa,AS,04/05/2021,112,0,0,0.0,0.0,3700.0
179,Guam,GU,04/05/2021,112,0,0,0.0,0.0,16900.0
180,Marshall Islands,MH,04/05/2021,112,0,0,0.0,0.0,9600.0
181,Micronesia,FM,04/05/2021,112,0,0,0.0,0.0,15900.0
182,Mariana Islands,,04/05/2021,112,0,0,0.0,0.0,1600.0
183,Palau,PW,04/05/2021,112,0,0,0.0,0.0,3200.0
184,Alaska,AK,04/05/2021,112,0,0,0.0,0.0,15800.0
185,Idaho,ID,04/05/2021,112,22230,22230,16600.0,16600.0,23800.0
186,Oregon,OR,04/05/2021,112,57330,57330,42700.0,42700.0,61400.0
187,Washington,WA,04/05/2021,112,100620,100620,75700.0,75700.0,109000.0
188,Federal Entities,,04/05/2021,112,243360,243360,143000.0,143000.0,84600.0
189,Connecticut,CT,03/29/2021,105,60840,60840,35800.0,35800.0,21200.0
190,Maine,ME,03/29/2021,105,23400,23400,13700.0,13700.0,8100.0
191,Massachusetts,MA,03/29/2021,105,117000,117000,69000.0,69000.0,40800.0
192,New Hampshire,NH,03/29/2021,105,23400,23400,13700.0,13700.0,8100.0
193,Rhode Island,RI,03/29/2021,105,18720,18720,10800.0,10800.0,6400.0
194,Vermont,VT,03/29/2021,105,11700,11700,6500.0,6500.0,3900.0
195,New Jersey,NJ,03/29/2021,105,148590,148590,87400.0,87400.0,51700.0
196,New York,NY,03/29/2021,105,188370,188370,111300.0,111300.0,65800.0
197,New York City,,03/29/2021,105,143910,143910,84500.0,84500.0,49900.0
198,Puerto Rico,PR,03/29/2021,105,58500,58500,34200.0,34200.0,20300.0
199,U.S. Virgin Islands,,03/29/2021,105,2340,2340,1100.0,1100.0,700.0
200,Delaware,DE,03/29/2021,105,16380,16380,9500.0,9500.0,5600.0
201,District of Columbia,DC,03/29/2021,105,12870,12870,7200.0,7200.0,4300.0
202,Maryland,MD,03/29/2021,105,100620,100620,59000.0,59000.0,34900.0
203,Pennsylvania,PA,03/29/2021,105,190710,190710,112400.0,112400.0,66400.0
204,Philadelphia,,03/29/2021,105,26910,26910,15600.0,15600.0,9200.0
205,Virginia,VA,03/29/2021,105,140400,140400,82800.0,82800.0,49000.0
206,West Virginia,WV,03/29/2021,105,31590,31590,18500.0,18500.0,11000.0
207,Alabama,AL,03/29/2021,105,80730,80730,47700.0,47700.0,28300.0
208,Florida,FL,03/29/2021,105,352170,352170,208000.0,208000.0,122900.0
209,Georgia,GA,03/29/2021,105,167310,167310,98600.0,98600.0,58400.0
210,Kentucky,KY,03/29/2021,105,73710,73710,43400.0,43400.0,25700.0
211,Mississippi,MS,03/29/2021,105,49140,49140,28700.0,28700.0,17100.0
212,North Carolina,NC,03/29/2021,105,168480,168480,99500.0,99500.0,58800.0
213,South Carolina,SC,03/29/2021,105,83070,83070,48800.0,48800.0,28900.0
214,Tennessee,TN,03/29/2021,105,111150,111150,65200.0,65200.0,38600.0
215,Chicago,,03/29/2021,105,45630,45630,26500.0,26500.0,15700.0
216,Illinois,IL,03/29/2021,105,167310,167310,98700.0,98700.0,58400.0
217,Indiana,IN,03/29/2021,105,108810,108810,64100.0,64100.0,38000.0
218,Michigan,MI,03/29/2021,105,166140,166140,98200.0,98200.0,58100.0
219,Minnesota,MN,03/29/2021,105,91260,91260,53800.0,53800.0,31800.0
220,Ohio,OH,03/29/2021,105,194220,194220,114100.0,114100.0,67400.0
221,Wisconsin,WI,03/29/2021,105,97110,97110,57100.0,57100.0,33800.0
222,Arkansas,AR,03/29/2021,105,49140,49140,28900.0,28900.0,17200.0
223,Louisiana,LA,03/29/2021,105,77220,77220,45000.0,45000.0,26600.0
224,New Mexico,NM,03/29/2021,105,35100,35100,20500.0,20500.0,12100.0
225,Oklahoma,OK,03/29/2021,105,64350,64350,37500.0,37500.0,22200.0
226,Texas,TX,03/29/2021,105,441090,441090,260400.0,260400.0,153900.0
227,Iowa,IA,03/29/2021,105,51480,51480,30400.0,30400.0,18100.0
228,Kansas,KS,03/29/2021,105,47970,47970,27800.0,27800.0,16500.0
229,Missouri,MO,03/29/2021,105,101790,101790,59500.0,59500.0,35200.0
230,Nebraska,NE,03/29/2021,105,31590,31590,18400.0,18400.0,10900.0
231,Colorado,CO,03/29/2021,105,92430,92430,54100.0,54100.0,32000.0
232,Montana,MT,03/29/2021,105,17550,17550,10400.0,10400.0,6100.0
233,North Dakota,ND,03/29/2021,105,12870,12870,7500.0,7500.0,4500.0
234,South Dakota,SD,03/29/2021,105,14040,14040,8300.0,8300.0,5000.0
235,Utah,UT,03/29/2021,105,46800,46800,27100.0,27100.0,16100.0
236,Wyoming,WY,03/29/2021,105,10530,10530,5700.0,5700.0,3400.0
237,Arizona,AZ,03/29/2021,105,114660,114660,67600.0,67600.0,40000.0
238,California,CA,03/29/2021,105,644670,644670,380300.0,380300.0,224600.0
239,Hawaii,HI,03/29/2021,105,24570,24570,14200.0,14200.0,8400.0
240,Nevada,NV,03/29/2021,105,49140,49140,28500.0,28500.0,16900.0
241,American Samoa,AS,03/29/2021,105,11700,0,5000.0,0.0,300.0
242,Guam,GU,03/29/2021,105,25740,0,15000.0,0.0,900.0
243,Marshall Islands,MH,03/29/2021,105,0,0,16800.0,0.0,400.0
244,Micronesia,FM,03/29/2021,105,0,0,22600.0,0.0,600.0
245,Mariana Islands,,03/29/2021,105,11700,0,5000.0,0.0,400.0
246,Palau,PW,03/29/2021,105,0,0,6200.0,0.0,200.0
247,Alaska,AK,03/29/2021,105,91260,79560,52500.0,52500.0,6300.0
248,Idaho,ID,03/29/2021,105,26910,26910,15800.0,15800.0,9500.0
249,Oregon,OR,03/29/2021,105,70200,70200,40800.0,40800.0,24200.0
250,Washington,WA,03/29/2021,105,122850,122850,72400.0,72400.0,42800.0
251,Federal Entities,,03/29/2021,105,201240,201240,143000.0,143000.0,16700.0
252,Connecticut,CT,03/22/2021,98,50310,50310,35800.0,35800.0,4200.0
253,Maine,ME,03/22/2021,98,19890,19890,13700.0,13700.0,1600.0
254,Massachusetts,MA,03/22/2021,98,95940,95940,69000.0,69000.0,8000.0
255,New Hampshire,NH,03/22/2021,98,19890,19890,13700.0,13700.0,1600.0
256,Rhode Island,RI,03/22/2021,98,15210,15210,10800.0,10800.0,1300.0
257,Vermont,VT,03/22/2021,98,9360,9360,6500.0,6500.0,800.0
258,New Jersey,NJ,03/22/2021,98,120510,120510,87400.0,87400.0,10200.0
259,New York,NY,03/22/2021,98,153270,153270,111300.0,111300.0,12900.0
260,New York City,,03/22/2021,98,117000,117000,84500.0,84500.0,9800.0
261,Puerto Rico,PR,03/22/2021,98,47970,47970,34200.0,34200.0,4000.0
262,U.S. Virgin Islands,,03/22/2021,98,2340,2340,1100.0,1100.0,200.0
263,Delaware,DE,03/22/2021,98,14040,14040,9500.0,9500.0,1100.0
264,District of Columbia,DC,03/22/2021,98,10530,10530,7200.0,7200.0,900.0
265,Maryland,MD,03/22/2021,98,81900,81900,59000.0,59000.0,6900.0
266,Pennsylvania,PA,03/22/2021,98,155610,155610,112400.0,112400.0,13000.0
267,Philadelphia,,03/22/2021,98,22230,22230,15600.0,15600.0,1800.0
268,Virginia,VA,03/22/2021,98,114660,114660,82800.0,82800.0,9600.0
269,West Virginia,WV,03/22/2021,98,25740,25740,18500.0,18500.0,2200.0
270,Alabama,AL,03/22/2021,98,66690,66690,47700.0,47700.0,5600.0
271,Florida,FL,03/22/2021,98,286650,286650,208000.0,208000.0,24100.0
272,Georgia,GA,03/22/2021,98,136890,136890,98600.0,98600.0,11500.0
273,Kentucky,KY,03/22/2021,98,60840,60840,43400.0,43400.0,5100.0
274,Mississippi,MS,03/22/2021,98,39780,39780,28700.0,28700.0,3400.0
275,North Carolina,NC,03/22/2021,98,138060,138060,99500.0,99500.0,11500.0
276,South Carolina,SC,03/22/2021,98,67860,67860,48800.0,48800.0,5700.0
277,Tennessee,TN,03/22/2021,98,90090,90090,65200.0,65200.0,7600.0
278,Chicago,,03/22/2021,98,37440,37440,26500.0,26500.0,3100.0
279,Illinois,IL,03/22/2021,98,136890,136890,98700.0,98700.0,11500.0
280,Indiana,IN,03/22/2021,98,88920,88920,64100.0,64100.0,7500.0
281,Michigan,MI,03/22/2021,98,135720,135720,98200.0,98200.0,11400.0
282,Minnesota,MN,03/22/2021,98,74880,74880,53800.0,53800.0,6300.0
283,Ohio,OH,03/22/2021,98,157950,157950,114100.0,114100.0,13200.0
284,Wisconsin,WI,03/22/2021,98,79560,79560,57100.0,57100.0,6700.0
285,Arkansas,AR,03/22/2021,98,39780,39780,28900.0,28900.0,3400.0
286,Louisiana,LA,03/22/2021,98,62010,62010,45000.0,45000.0,5200.0
287,New Mexico,NM,03/22/2021,98,29250,29250,20500.0,20500.0,2400.0
288,Oklahoma,OK,03/22/2021,98,52650,52650,37500.0,37500.0,4400.0
289,Texas,TX,03/22/2021,98,359190,359190,260400.0,260400.0,30200.0
290,Iowa,IA,03/22/2021,98,42120,42120,30400.0,30400.0,3600.0
291,Kansas,KS,03/22/2021,98,38610,38610,27800.0,27800.0,3300.0
292,Missouri,MO,03/22/2021,98,83070,83070,59500.0,59500.0,6900.0
293,Nebraska,NE,03/22/2021,98,25740,25740,18400.0,18400.0,2200.0
294,Colorado,CO,03/22/2021,98,74880,74880,54100.0,54100.0,6300.0
295,Montana,MT,03/22/2021,98,15210,15210,10400.0,10400.0,1200.0
296,North Dakota,ND,03/22/2021,98,10530,10530,7500.0,7500.0,900.0
297,South Dakota,SD,03/22/2021,98,11700,11700,8300.0,8300.0,1000.0
298,Utah,UT,03/22/2021,98,37440,37440,27100.0,27100.0,3200.0
299,Wyoming,WY,03/22/2021,98,8190,8190,5700.0,5700.0,700.0
300,Arizona,AZ,03/22/2021,98,93600,93600,67600.0,67600.0,7900.0
301,California,CA,03/22/2021,98,524160,524160,380300.0,380300.0,44000.0
302,Hawaii,HI,03/22/2021,98,19890,19890,14200.0,14200.0,1700.0
303,Nevada,NV,03/22/2021,98,39780,39780,28500.0,28500.0,3300.0
304,American Samoa,AS,03/22/2021,98,0,0,0.0,0.0,100.0
305,Guam,GU,03/22/2021,98,0,0,0.0,0.0,200.0
306,Marshall Islands,MH,03/22/2021,98,0,0,0.0,0.0,100.0
307,Micronesia,FM,03/22/2021,98,0,0,0.0,0.0,100.0
308,Mariana Islands,,03/22/2021,98,0,0,0.0,0.0,100.0
309,Palau,PW,03/22/2021,98,0,0,0.0,0.0,100.0
310,Alaska,AK,03/22/2021,98,0,0,0.0,0.0,1300.0
311,Idaho,ID,03/22/2021,98,22230,22230,15800.0,15800.0,1900.0
312,Oregon,OR,03/22/2021,98,57330,57330,40800.0,40800.0,4800.0
313,Washington,WA,03/22/2021,98,100620,100620,72400.0,72400.0,8400.0
314,Federal Entities,,03/22/2021,98,195390,195390,143000.0,143000.0,16700.0
315,Connecticut,CT,03/15/2021,91,49140,49140,35800.0,35800.0,4200.0
316,Maine,ME,03/15/2021,91,18720,18720,13700.0,13700.0,1600.0
317,Massachusetts,MA,03/15/2021,91,93600,93600,69000.0,69000.0,8000.0
318,New Hampshire,NH,03/15/2021,91,18720,18720,13700.0,13700.0,1600.0
319,Rhode Island,RI,03/15/2021,91,15210,15210,10800.0,10800.0,1300.0
320,Vermont,VT,03/15/2021,91,9360,9360,6500.0,6500.0,800.0
321,New Jersey,NJ,03/15/2021,91,119340,119340,87400.0,87400.0,10200.0
322,New York,NY,03/15/2021,91,150930,150930,111300.0,111300.0,12900.0
323,New York City,,03/15/2021,91,114660,114660,84500.0,84500.0,9800.0
324,Puerto Rico,PR,03/15/2021,91,46800,46800,34200.0,34200.0,4000.0
325,U.S. Virgin Islands,,03/15/2021,91,2340,2340,1100.0,1100.0,200.0
326,Delaware,DE,03/15/2021,91,12870,12870,9500.0,9500.0,1100.0
327,District of Columbia,DC,03/15/2021,91,10530,10530,7200.0,7200.0,900.0
328,Maryland,MD,03/15/2021,91,80730,80730,59000.0,59000.0,6900.0
329,Pennsylvania,PA,03/15/2021,91,153270,153270,112400.0,112400.0,13000.0
330,Philadelphia,,03/15/2021,91,22230,22230,15600.0,15600.0,1800.0
331,Virginia,VA,03/15/2021,91,112320,112320,82800.0,82800.0,9600.0
332,West Virginia,WV,03/15/2021,91,25740,25740,18500.0,18500.0,2200.0
333,Alabama,AL,03/15/2021,91,65520,65520,47700.0,47700.0,5600.0
334,Florida,FL,03/15/2021,91,281970,281970,208000.0,208000.0,24100.0
335,Georgia,GA,03/15/2021,91,134550,134550,98600.0,98600.0,11500.0
336,Kentucky,KY,03/15/2021,91,59670,59670,43400.0,43400.0,5100.0
337,Mississippi,MS,03/15/2021,91,39780,39780,28700.0,28700.0,3400.0
338,North Carolina,NC,03/15/2021,91,135720,135720,99500.0,99500.0,11500.0
339,South Carolina,SC,03/15/2021,91,66690,66690,48800.0,48800.0,5700.0
340,Tennessee,TN,03/15/2021,91,88920,88920,65200.0,65200.0,7600.0
341,Chicago,,03/15/2021,91,36270,36270,26500.0,26500.0,3100.0
342,Illinois,IL,03/15/2021,91,134550,134550,98700.0,98700.0,11500.0
343,Indiana,IN,03/15/2021,91,87750,87750,64100.0,64100.0,7500.0
344,Michigan,MI,03/15/2021,91,133380,133380,98200.0,98200.0,11400.0
345,Minnesota,MN,03/15/2021,91,73710,73710,53800.0,53800.0,6300.0
346,Ohio,OH,03/15/2021,91,155610,155610,114100.0,114100.0,13200.0
347,Wisconsin,WI,03/15/2021,91,78390,78390,57100.0,57100.0,6700.0
348,Arkansas,AR,03/15/2021,91,39780,39780,28900.0,28900.0,3400.0
349,Louisiana,LA,03/15/2021,91,62010,62010,45000.0,45000.0,5200.0
350,New Mexico,NM,03/15/2021,91,28080,28080,20500.0,20500.0,2400.0
351,Oklahoma,OK,03/15/2021,91,51480,51480,37500.0,37500.0,4400.0
352,Texas,TX,03/15/2021,91,353340,353340,260400.0,260400.0,30200.0
353,Iowa,IA,03/15/2021,91,42120,42120,30400.0,30400.0,3600.0
354,Kansas,KS,03/15/2021,91,38610,38610,27800.0,27800.0,3300.0
355,Missouri,MO,03/15/2021,91,80730,80730,59500.0,59500.0,6900.0
356,Nebraska,NE,03/15/2021,91,25740,25740,18400.0,18400.0,2200.0
357,Colorado,CO,03/15/2021,91,73710,73710,54100.0,54100.0,6300.0
358,Montana,MT,03/15/2021,91,14040,14040,10400.0,10400.0,1200.0
359,North Dakota,ND,03/15/2021,91,10530,10530,7500.0,7500.0,900.0
360,South Dakota,SD,03/15/2021,91,11700,11700,8300.0,8300.0,1000.0
361,Utah,UT,03/15/2021,91,37440,37440,27100.0,27100.0,3200.0
362,Wyoming,WY,03/15/2021,91,8190,8190,5700.0,5700.0,700.0
363,Arizona,AZ,03/15/2021,91,92430,92430,67600.0,67600.0,7900.0
364,California,CA,03/15/2021,91,515970,515970,380300.0,380300.0,44000.0
365,Hawaii,HI,03/15/2021,91,19890,19890,14200.0,14200.0,1700.0
366,Nevada,NV,03/15/2021,91,38610,38610,28500.0,28500.0,3300.0
367,American Samoa,AS,03/15/2021,91,0,0,0.0,0.0,100.0
368,Guam,GU,03/15/2021,91,0,0,0.0,0.0,200.0
369,Marshall Islands,MH,03/15/2021,91,0,0,0.0,0.0,100.0
370,Micronesia,FM,03/15/2021,91,0,0,0.0,0.0,100.0
371,Mariana Islands,,03/15/2021,91,0,0,0.0,0.0,100.0
372,Palau,PW,03/15/2021,91,0,0,0.0,0.0,100.0
373,Alaska,AK,03/15/2021,91,0,0,0.0,0.0,1300.0
374,Idaho,ID,03/15/2021,91,22230,22230,15800.0,15800.0,1900.0
375,Oregon,OR,03/15/2021,91,56160,56160,40800.0,40800.0,4800.0
376,Washington,WA,03/15/2021,91,98280,98280,72400.0,72400.0,8400.0
377,Federal Entities,,03/15/2021,91,182520,182520,143000.0,143000.0,120500.0
378,Connecticut,CT,03/08/2021,84,45630,45630,35800.0,35800.0,0.0
379,Maine,ME,03/08/2021,84,17550,17550,13700.0,13700.0,0.0
380,Massachusetts,MA,03/08/2021,84,87750,87750,69000.0,69000.0,0.0
381,New Hampshire,NH,03/08/2021,84,17550,17550,13700.0,13700.0,0.0
382,Rhode Island,RI,03/08/2021,84,14040,14040,10800.0,10800.0,0.0
383,Vermont,VT,03/08/2021,84,8190,8190,6500.0,6500.0,0.0
384,New Jersey,NJ,03/08/2021,84,111150,111150,87400.0,87400.0,0.0
385,New York,NY,03/08/2021,84,140400,140400,111300.0,111300.0,0.0
386,New York City,,03/08/2021,84,106470,106470,84500.0,84500.0,0.0
387,Puerto Rico,PR,03/08/2021,84,43290,43290,34200.0,34200.0,0.0
388,U.S. Virgin Islands,,03/08/2021,84,2340,2340,1100.0,1100.0,0.0
389,Delaware,DE,03/08/2021,84,12870,12870,9500.0,9500.0,0.0
390,District of Columbia,DC,03/08/2021,84,9360,9360,7200.0,7200.0,0.0
391,Maryland,MD,03/08/2021,84,74880,74880,59000.0,59000.0,0.0
392,Pennsylvania,PA,03/08/2021,84,141570,141570,112400.0,112400.0,0.0
393,Philadelphia,,03/08/2021,84,19890,19890,15600.0,15600.0,0.0
394,Virginia,VA,03/08/2021,84,105300,105300,82800.0,82800.0,0.0
395,West Virginia,WV,03/08/2021,84,23400,23400,18500.0,18500.0,0.0
396,Alabama,AL,03/08/2021,84,60840,60840,47700.0,47700.0,0.0
397,Florida,FL,03/08/2021,84,262080,262080,208000.0,208000.0,0.0
398,Georgia,GA,03/08/2021,84,125190,125190,98600.0,98600.0,0.0
399,Kentucky,KY,03/08/2021,84,54990,54990,43400.0,43400.0,0.0
400,Mississippi,MS,03/08/2021,84,36270,36270,28700.0,28700.0,0.0
401,North Carolina,NC,03/08/2021,84,126360,126360,99500.0,99500.0,0.0
402,South Carolina,SC,03/08/2021,84,62010,62010,48800.0,48800.0,0.0
403,Tennessee,TN,03/08/2021,84,83070,83070,65200.0,65200.0,0.0
404,Chicago,,03/08/2021,84,33930,33930,26500.0,26500.0,0.0
405,Illinois,IL,03/08/2021,84,125190,125190,98700.0,98700.0,0.0
406,Indiana,IN,03/08/2021,84,80730,80730,64100.0,64100.0,0.0
407,Michigan,MI,03/08/2021,84,124020,124020,98200.0,98200.0,0.0
408,Minnesota,MN,03/08/2021,84,67860,67860,53800.0,53800.0,0.0
409,Ohio,OH,03/08/2021,84,143910,143910,114100.0,114100.0,0.0
410,Wisconsin,WI,03/08/2021,84,72540,72540,57100.0,57100.0,0.0
411,Arkansas,AR,03/08/2021,84,37440,37440,28900.0,28900.0,0.0
412,Louisiana,LA,03/08/2021,84,57330,57330,45000.0,45000.0,0.0
413,New Mexico,NM,03/08/2021,84,25740,25740,20500.0,20500.0,0.0
414,Oklahoma,OK,03/08/2021,84,47970,47970,37500.0,37500.0,0.0
415,Texas,TX,03/08/2021,84,328770,328770,260400.0,260400.0,0.0
416,Iowa,IA,03/08/2021,84,38610,38610,30400.0,30400.0,0.0
417,Kansas,KS,03/08/2021,84,35100,35100,27800.0,27800.0,0.0
418,Missouri,MO,03/08/2021,84,76050,76050,59500.0,59500.0,0.0
419,Nebraska,NE,03/08/2021,84,23400,23400,18400.0,18400.0,0.0
420,Colorado,CO,03/08/2021,84,69030,69030,54100.0,54100.0,0.0
421,Montana,MT,03/08/2021,84,14040,14040,10400.0,10400.0,0.0
422,North Dakota,ND,03/08/2021,84,10530,10530,7500.0,7500.0,0.0
423,South Dakota,SD,03/08/2021,84,10530,10530,8300.0,8300.0,0.0
424,Utah,UT,03/08/2021,84,35100,35100,27100.0,27100.0,0.0
425,Wyoming,WY,03/08/2021,84,8190,8190,5700.0,5700.0,0.0
426,Arizona,AZ,03/08/2021,84,85410,85410,67600.0,67600.0,0.0
427,California,CA,03/08/2021,84,479700,479700,380300.0,380300.0,0.0
428,Hawaii,HI,03/08/2021,84,18720,18720,14200.0,14200.0,0.0
429,Nevada,NV,03/08/2021,84,36270,36270,28500.0,28500.0,0.0
430,American Samoa,AS,03/08/2021,84,0,0,0.0,0.0,0.0
431,Guam,GU,03/08/2021,84,0,0,0.0,0.0,0.0
432,Marshall Islands,MH,03/08/2021,84,0,0,0.0,0.0,0.0
433,Micronesia,FM,03/08/2021,84,0,0,0.0,0.0,0.0
434,Mariana Islands,,03/08/2021,84,0,0,0.0,0.0,0.0
435,Palau,PW,03/08/2021,84,0,0,0.0,0.0,0.0
436,Alaska,AK,03/08/2021,84,0,0,0.0,0.0,0.0
437,Idaho,ID,03/08/2021,84,19890,19890,15800.0,15800.0,0.0
438,Oregon,OR,03/08/2021,84,51480,51480,40800.0,40800.0,0.0
439,Washington,WA,03/08/2021,84,91260,91260,72400.0,72400.0,0.0
440,Federal Entities,,03/08/2021,84,230490,221130,197900.0,193500.0,0.0
441,Alabama,AL,03/01/2021,77,54990,54990,47700.0,47700.0,40100.0
442,Alaska,AK,03/01/2021,77,53820,53820,49300.0,49300.0,8900.0
443,American Samoa,AS,03/01/2021,77,9360,0,4400.0,0.0,400.0
444,Arizona,AZ,03/01/2021,77,78390,78390,67600.0,67600.0,56800.0
445,Arkansas,AR,03/01/2021,77,33930,33930,28900.0,28900.0,24400.0
446,California,CA,03/01/2021,77,438750,438750,380300.0,380300.0,320100.0
447,Chicago,,03/01/2021,77,31590,31590,26500.0,26500.0,22300.0
448,Colorado,CO,03/01/2021,77,63180,63180,54100.0,54100.0,45500.0
449,Connecticut,CT,03/01/2021,77,42120,42120,35800.0,35800.0,30200.0
450,Delaware,DE,03/01/2021,77,11700,11700,9500.0,9500.0,8000.0
451,District of Columbia,DC,03/01/2021,77,9360,9360,7200.0,7200.0,6000.0
452,Federal Entities,,03/01/2021,77,209430,190710,180500.0,163500.0,139200.0
453,Florida,FL,03/01/2021,77,239850,239850,208000.0,208000.0,175100.0
454,Georgia,GA,03/01/2021,77,114660,114660,98600.0,98600.0,83000.0
455,Guam,GU,03/01/2021,77,21060,0,14200.0,0.0,1300.0
456,Hawaii,HI,03/01/2021,77,16380,16380,14200.0,14200.0,11900.0
457,Idaho,ID,03/01/2021,77,18720,18720,15800.0,15800.0,13300.0
458,Illinois,IL,03/01/2021,77,114660,114660,98700.0,98700.0,83100.0
459,Indiana,IN,03/01/2021,77,74880,74880,64100.0,64100.0,53900.0
460,Iowa,IA,03/01/2021,77,35100,35100,30400.0,30400.0,25600.0
461,Kansas,KS,03/01/2021,77,32760,32760,27800.0,27800.0,23400.0
462,Kentucky,KY,03/01/2021,77,50310,50310,43400.0,43400.0,36500.0
463,Louisiana,LA,03/01/2021,77,52650,52650,45000.0,45000.0,37900.0
464,Maine,ME,03/01/2021,77,16380,16380,13700.0,13700.0,11500.0
465,Mariana Islands,,03/01/2021,77,9360,0,4600.0,0.0,400.0
466,Marshall Islands,MH,03/01/2021,77,0,0,14000.0,0.0,600.0
467,Maryland,MD,03/01/2021,77,69030,69030,59000.0,59000.0,49600.0
468,Massachusetts,MA,03/01/2021,77,79560,79560,69000.0,69000.0,58100.0
469,Michigan,MI,03/01/2021,77,113490,113490,98200.0,98200.0,82700.0
470,Micronesia,FM,03/01/2021,77,0,0,16600.0,0.0,800.0
471,Minnesota,MN,03/01/2021,77,62010,62010,53800.0,53800.0,45200.0
472,Mississippi,MS,03/01/2021,77,33930,33930,28700.0,28700.0,24200.0
473,Missouri,MO,03/01/2021,77,69030,69030,59500.0,59500.0,50100.0
474,Montana,MT,03/01/2021,77,12870,12870,10400.0,10400.0,8700.0
475,Nebraska,NE,03/01/2021,77,22230,22230,18400.0,18400.0,15500.0
476,Nevada,NV,03/01/2021,77,33930,33930,28500.0,28500.0,24000.0
477,New Hampshire,NH,03/01/2021,77,16380,16380,13700.0,13700.0,11600.0
478,New Jersey,NJ,03/01/2021,77,101790,101790,87400.0,87400.0,73600.0
479,New Mexico,NM,03/01/2021,77,24570,24570,20500.0,20500.0,17200.0
480,New York,NY,03/01/2021,77,128700,128700,111300.0,111300.0,93700.0
481,New York City,,03/01/2021,77,98280,98280,84500.0,84500.0,71100.0
482,North Carolina,NC,03/01/2021,77,115830,115830,99500.0,99500.0,83700.0
483,North Dakota,ND,03/01/2021,77,9360,9360,7500.0,7500.0,6300.0
484,Ohio,OH,03/01/2021,77,132210,132210,114100.0,114100.0,96100.0
485,Oklahoma,OK,03/01/2021,77,43290,43290,37500.0,37500.0,31500.0
486,Oregon,OR,03/01/2021,77,47970,47970,40800.0,40800.0,34400.0
487,Palau,PW,03/01/2021,77,0,0,5400.0,0.0,200.0
488,Pennsylvania,PA,03/01/2021,77,129870,129870,112400.0,112400.0,94600.0
489,Philadelphia,,03/01/2021,77,18720,18720,15600.0,15600.0,13100.0
490,Puerto Rico,PR,03/01/2021,77,39780,39780,34200.0,34200.0,28800.0
491,Rhode Island,RI,03/01/2021,77,12870,12870,10800.0,10800.0,9100.0
492,South Carolina,SC,03/01/2021,77,57330,57330,48800.0,48800.0,41100.0
493,South Dakota,SD,03/01/2021,77,10530,10530,8300.0,8300.0,7000.0
494,Tennessee,TN,03/01/2021,77,76050,76050,65200.0,65200.0,54800.0
495,Texas,TX,03/01/2021,77,300690,300690,260400.0,260400.0,219200.0
496,U.S. Virgin Islands,,03/01/2021,77,2340,2340,1100.0,1100.0,900.0
497,Utah,UT,03/01/2021,77,31590,31590,27100.0,27100.0,22800.0
498,Vermont,VT,03/01/2021,77,8190,8190,6500.0,6500.0,5400.0
499,Virginia,VA,03/01/2021,77,95940,95940,82800.0,82800.0,69700.0
500,Washington,WA,03/01/2021,77,84240,84240,72400.0,72400.0,60900.0
501,West Virginia,WV,03/01/2021,77,22230,22230,18500.0,18500.0,15500.0
502,Wisconsin,WI,03/01/2021,77,66690,66690,57100.0,57100.0,48000.0
503,Wyoming,WY,03/01/2021,77,7020,7020,5700.0,5700.0,4800.0
504,Alabama,AL,02/22/2021,70,47970,47970,47700.0,47700.0,0.0
505,Alaska,AK,02/22/2021,70,0,0,0.0,0.0,0.0
506,American Samoa,AS,02/22/2021,70,0,0,0.0,0.0,0.0
507,Arizona,AZ,02/22/2021,70,69030,69030,67600.0,67600.0,0.0
508,Arkansas,AR,02/22/2021,70,29250,29250,28900.0,28900.0,0.0
509,California,CA,02/22/2021,70,382590,382590,380300.0,380300.0,0.0
510,Chicago,,02/22/2021,70,26910,26910,26500.0,26500.0,0.0
511,Colorado,CO,02/22/2021,70,54990,54990,54100.0,54100.0,0.0
512,Connecticut,CT,02/22/2021,70,36270,36270,35800.0,35800.0,0.0
513,Delaware,DE,02/22/2021,70,10530,10530,9500.0,9500.0,0.0
514,District of Columbia,DC,02/22/2021,70,8190,8190,7200.0,7200.0,0.0
515,Federal Entities,,02/22/2021,70,166140,166140,163500.0,163500.0,0.0
516,Florida,FL,02/22/2021,70,209430,209430,208000.0,208000.0,0.0
517,Georgia,GA,02/22/2021,70,99450,99450,98600.0,98600.0,0.0
518,Guam,GU,02/22/2021,70,0,0,0.0,0.0,0.0
519,Hawaii,HI,02/22/2021,70,15210,15210,14200.0,14200.0,0.0
520,Idaho,ID,02/22/2021,70,16380,16380,15800.0,15800.0,0.0
521,Illinois,IL,02/22/2021,70,99450,99450,98700.0,98700.0,0.0
522,Indiana,IN,02/22/2021,70,64350,64350,64100.0,64100.0,0.0
523,Iowa,IA,02/22/2021,70,31590,31590,30400.0,30400.0,0.0
524,Kansas,KS,02/22/2021,70,28080,28080,27800.0,27800.0,0.0
525,Kentucky,KY,02/22/2021,70,44460,44460,43400.0,43400.0,0.0
526,Louisiana,LA,02/22/2021,70,45630,45630,45000.0,45000.0,0.0
527,Maine,ME,02/22/2021,70,14040,14040,13700.0,13700.0,0.0
528,Mariana Islands,,02/22/2021,70,0,0,0.0,0.0,0.0
529,Marshall Islands,MH,02/22/2021,70,0,0,0.0,0.0,0.0
530,Maryland,MD,02/22/2021,70,59670,59670,59000.0,59000.0,0.0
531,Massachusetts,MA,02/22/2021,70,70200,70200,69000.0,69000.0,0.0
532,Michigan,MI,02/22/2021,70,99450,99450,98200.0,98200.0,0.0
533,Micronesia,FM,02/22/2021,70,0,0,0.0,0.0,0.0
534,Minnesota,MN,02/22/2021,70,54990,54990,53800.0,53800.0,0.0
535,Mississippi,MS,02/22/2021,70,29250,29250,28700.0,28700.0,0.0
536,Missouri,MO,02/22/2021,70,60840,60840,59500.0,59500.0,0.0
537,Montana,MT,02/22/2021,70,10530,10530,10400.0,10400.0,0.0
538,Nebraska,NE,02/22/2021,70,18720,18720,18400.0,18400.0,0.0
539,Nevada,NV,02/22/2021,70,29250,29250,28500.0,28500.0,0.0
540,New Hampshire,NH,02/22/2021,70,14040,14040,13700.0,13700.0,0.0
541,New Jersey,NJ,02/22/2021,70,88920,88920,87400.0,87400.0,0.0
542,New Mexico,NM,02/22/2021,70,21060,21060,20500.0,20500.0,0.0
543,New York,NY,02/22/2021,70,112320,112320,111300.0,111300.0,0.0
544,New York City,,02/22/2021,70,85410,85410,84500.0,84500.0,0.0
545,North Carolina,NC,02/22/2021,70,100620,100620,99500.0,99500.0,0.0
546,North Dakota,ND,02/22/2021,70,8190,8190,7500.0,7500.0,0.0
547,Ohio,OH,02/22/2021,70,115830,115830,114100.0,114100.0,0.0
548,Oklahoma,OK,02/22/2021,70,38610,38610,37500.0,37500.0,0.0
549,Oregon,OR,02/22/2021,70,42120,42120,40800.0,40800.0,0.0
550,Palau,PW,02/22/2021,70,0,0,0.0,0.0,0.0
551,Pennsylvania,PA,02/22/2021,70,113490,113490,112400.0,112400.0,0.0
552,Philadelphia,,02/22/2021,70,16380,16380,15600.0,15600.0,0.0
553,Puerto Rico,PR,02/22/2021,70,35100,35100,34200.0,34200.0,0.0
554,Rhode Island,RI,02/22/2021,70,11700,11700,10800.0,10800.0,0.0
555,South Carolina,SC,02/22/2021,70,49140,49140,48800.0,48800.0,0.0
556,South Dakota,SD,02/22/2021,70,9360,9360,8300.0,8300.0,0.0
557,Tennessee,TN,02/22/2021,70,65520,65520,65200.0,65200.0,0.0
558,Texas,TX,02/22/2021,70,262080,262080,260400.0,260400.0,0.0
559,U.S. Virgin Islands,,02/22/2021,70,1170,1170,1100.0,1100.0,0.0
560,Utah,UT,02/22/2021,70,28080,28080,27100.0,27100.0,0.0
561,Vermont,VT,02/22/2021,70,7020,7020,6500.0,6500.0,0.0
562,Virginia,VA,02/22/2021,70,84240,84240,82800.0,82800.0,0.0
563,Washington,WA,02/22/2021,70,73710,73710,72400.0,72400.0,0.0
564,West Virginia,WV,02/22/2021,70,18720,18720,18500.0,18500.0,0.0
565,Wisconsin,WI,02/22/2021,70,58500,58500,57100.0,57100.0,0.0
566,Wyoming,WY,02/22/2021,70,5850,5850,5700.0,5700.0,0.0
567,Alabama,AL,02/15/2021,63,30225,30225,47700.0,47700.0,0.0
568,Alaska,AK,02/15/2021,63,0,0,0.0,0.0,0.0
569,American Samoa,AS,02/15/2021,63,0,0,0.0,0.0,0.0
570,Arizona,AZ,02/15/2021,63,42900,42900,67600.0,67600.0,0.0
571,Arkansas,AR,02/15/2021,63,18525,18525,28900.0,28900.0,0.0
572,California,CA,02/15/2021,63,241800,241800,380300.0,380300.0,0.0
573,Chicago,,02/15/2021,63,17550,17550,26500.0,26500.0,0.0
574,Colorado,CO,02/15/2021,63,35100,35100,54100.0,54100.0,0.0
575,Connecticut,CT,02/15/2021,63,23400,23400,35800.0,35800.0,0.0
576,Delaware,DE,02/15/2021,63,6825,6825,9500.0,9500.0,0.0
577,District of Columbia,DC,02/15/2021,63,4875,4875,7200.0,7200.0,0.0
578,Federal Entities,,02/15/2021,63,105300,105300,163500.0,163500.0,0.0
579,Florida,FL,02/15/2021,63,132600,132600,208000.0,208000.0,0.0
580,Georgia,GA,02/15/2021,63,63375,63375,98600.0,98600.0,0.0
581,Guam,GU,02/15/2021,63,0,0,0.0,0.0,0.0
582,Hawaii,HI,02/15/2021,63,9750,9750,14200.0,14200.0,0.0
583,Idaho,ID,02/15/2021,63,10725,10725,15800.0,15800.0,0.0
584,Illinois,IL,02/15/2021,63,63375,63375,98700.0,98700.0,0.0
585,Indiana,IN,02/15/2021,63,40950,40950,64100.0,64100.0,0.0
586,Iowa,IA,02/15/2021,63,19500,19500,30400.0,30400.0,0.0
587,Kansas,KS,02/15/2021,63,18525,18525,27800.0,27800.0,0.0
588,Kentucky,KY,02/15/2021,63,28275,28275,43400.0,43400.0,0.0
589,Louisiana,LA,02/15/2021,63,29250,29250,45000.0,45000.0,0.0
590,Maine,ME,02/15/2021,63,8775,8775,13700.0,13700.0,0.0
591,Mariana Islands,,02/15/2021,63,0,0,0.0,0.0,0.0
592,Marshall Islands,MH,02/15/2021,63,0,0,0.0,0.0,0.0
593,Maryland,MD,02/15/2021,63,38025,38025,59000.0,59000.0,0.0
594,Massachusetts,MA,02/15/2021,63,43875,43875,69000.0,69000.0,0.0
595,Michigan,MI,02/15/2021,63,62400,62400,98200.0,98200.0,0.0
596,Micronesia,FM,02/15/2021,63,0,0,0.0,0.0,0.0
597,Minnesota,MN,02/15/2021,63,34125,34125,53800.0,53800.0,0.0
598,Mississippi,MS,02/15/2021,63,18525,18525,28700.0,28700.0,0.0
599,Missouri,MO,02/15/2021,63,38025,38025,59500.0,59500.0,0.0
600,Montana,MT,02/15/2021,63,6825,6825,10400.0,10400.0,0.0
601,Nebraska,NE,02/15/2021,63,11700,11700,18400.0,18400.0,0.0
602,Nevada,NV,02/15/2021,63,18525,18525,28500.0,28500.0,0.0
603,New Hampshire,NH,02/15/2021,63,8775,8775,13700.0,13700.0,0.0
604,New Jersey,NJ,02/15/2021,63,55575,55575,87400.0,87400.0,0.0
605,New Mexico,NM,02/15/2021,63,13650,13650,20500.0,20500.0,0.0
606,New York,NY,02/15/2021,63,71175,71175,111300.0,111300.0,0.0
607,New York City,,02/15/2021,63,53625,53625,84500.0,84500.0,0.0
608,North Carolina,NC,02/15/2021,63,63375,63375,99500.0,99500.0,0.0
609,North Dakota,ND,02/15/2021,63,4875,4875,7500.0,7500.0,0.0
610,Ohio,OH,02/15/2021,63,73125,73125,114100.0,114100.0,0.0
611,Oklahoma,OK,02/15/2021,63,24375,24375,37500.0,37500.0,0.0
612,Oregon,OR,02/15/2021,63,26325,26325,40800.0,40800.0,0.0
613,Palau,PW,02/15/2021,63,0,0,0.0,0.0,0.0
614,Pennsylvania,PA,02/15/2021,63,71175,71175,112400.0,112400.0,0.0
615,Philadelphia,,02/15/2021,63,10725,10725,15600.0,15600.0,0.0
616,Puerto Rico,PR,02/15/2021,63,22425,22425,34200.0,34200.0,0.0
617,Rhode Island,RI,02/15/2021,63,6825,6825,10800.0,10800.0,0.0
618,South Carolina,SC,02/15/2021,63,31200,31200,48800.0,48800.0,0.0
619,South Dakota,SD,02/15/2021,63,5850,5850,8300.0,8300.0,0.0
620,Tennessee,TN,02/15/2021,63,41925,41925,65200.0,65200.0,0.0
621,Texas,TX,02/15/2021,63,165750,165750,260400.0,260400.0,0.0
622,U.S. Virgin Islands,,02/15/2021,63,975,975,1100.0,1100.0,0.0
623,Utah,UT,02/15/2021,63,17550,17550,27100.0,27100.0,0.0
624,Vermont,VT,02/15/2021,63,4875,4875,6500.0,6500.0,0.0
625,Virginia,VA,02/15/2021,63,52650,52650,82800.0,82800.0,0.0
626,Washington,WA,02/15/2021,63,46800,46800,72400.0,72400.0,0.0
627,West Virginia,WV,02/15/2021,63,11700,11700,18500.0,18500.0,0.0
628,Wisconsin,WI,02/15/2021,63,37050,37050,57100.0,57100.0,0.0
629,Wyoming,WY,02/15/2021,63,3900,3900,5700.0,5700.0,0.0
630,Alabama,AL,02/08/2021,56,30225,30225,44100.0,44100.0,0.0
631,Alaska,AK,02/08/2021,56,0,0,0.0,0.0,0.0
632,American Samoa,AS,02/08/2021,56,0,0,0.0,0.0,0.0
633,Arizona,AZ,02/08/2021,56,42900,42900,62500.0,62500.0,0.0
634,Arkansas,AR,02/08/2021,56,18525,18525,26800.0,26800.0,0.0
635,California,CA,02/08/2021,56,241800,241800,351900.0,351900.0,0.0
636,Chicago,,02/08/2021,56,17550,17550,24500.0,24500.0,0.0
637,Colorado,CO,02/08/2021,56,35100,35100,50000.0,50000.0,0.0
638,Connecticut,CT,02/08/2021,56,23400,23400,33100.0,33100.0,0.0
639,Delaware,DE,02/08/2021,56,6825,6825,8800.0,8800.0,0.0
640,District of Columbia,DC,02/08/2021,56,4875,4875,6600.0,6600.0,0.0
641,Federal Entities,,02/08/2021,56,105300,105300,481400.0,481400.0,0.0
642,Florida,FL,02/08/2021,56,132600,132600,192500.0,192500.0,0.0
643,Georgia,GA,02/08/2021,56,63375,63375,91300.0,91300.0,0.0
644,Guam,GU,02/08/2021,56,0,0,0.0,0.0,0.0
645,Hawaii,HI,02/08/2021,56,9750,9750,13100.0,13100.0,0.0
646,Idaho,ID,02/08/2021,56,10725,10725,14700.0,14700.0,0.0
647,Illinois,IL,02/08/2021,56,63375,63375,91300.0,91300.0,0.0
648,Indiana,IN,02/08/2021,56,40950,40950,59300.0,59300.0,0.0
649,Iowa,IA,02/08/2021,56,19500,19500,28200.0,28200.0,0.0
650,Kansas,KS,02/08/2021,56,18525,18525,25700.0,25700.0,0.0
651,Kentucky,KY,02/08/2021,56,28275,28275,40200.0,40200.0,0.0
652,Louisiana,LA,02/08/2021,56,29250,29250,41600.0,41600.0,0.0
653,Maine,ME,02/08/2021,56,8775,8775,12700.0,12700.0,0.0
654,Mariana Islands,,02/08/2021,56,0,0,0.0,0.0,0.0
655,Marshall Islands,MH,02/08/2021,56,0,0,0.0,0.0,0.0
656,Maryland,MD,02/08/2021,56,38025,38025,54600.0,54600.0,0.0
657,Massachusetts,MA,02/08/2021,56,43875,43875,63800.0,63800.0,0.0
658,Michigan,MI,02/08/2021,56,62400,62400,90900.0,90900.0,0.0
659,Micronesia,FM,02/08/2021,56,0,0,0.0,0.0,0.0
660,Minnesota,MN,02/08/2021,56,34125,34125,49700.0,49700.0,0.0
661,Mississippi,MS,02/08/2021,56,18525,18525,26600.0,26600.0,0.0
662,Missouri,MO,02/08/2021,56,38025,38025,55100.0,55100.0,0.0
663,Montana,MT,02/08/2021,56,6825,6825,9600.0,9600.0,0.0
664,Nebraska,NE,02/08/2021,56,11700,11700,17000.0,17000.0,0.0
665,Nevada,NV,02/08/2021,56,18525,18525,26400.0,26400.0,0.0
666,New Hampshire,NH,02/08/2021,56,8775,8775,12700.0,12700.0,0.0
667,New Jersey,NJ,02/08/2021,56,55575,55575,80900.0,80900.0,0.0
668,New Mexico,NM,02/08/2021,56,13650,13650,19000.0,19000.0,0.0
669,New York,NY,02/08/2021,56,71175,71175,103000.0,103000.0,0.0
670,New York City,,02/08/2021,56,53625,53625,78200.0,78200.0,0.0
671,North Carolina,NC,02/08/2021,56,63375,63375,92000.0,92000.0,0.0
672,North Dakota,ND,02/08/2021,56,4875,4875,6900.0,6900.0,0.0
673,Ohio,OH,02/08/2021,56,73125,73125,105600.0,105600.0,0.0
674,Oklahoma,OK,02/08/2021,56,24375,24375,34700.0,34700.0,0.0
675,Oregon,OR,02/08/2021,56,26325,26325,37800.0,37800.0,0.0
676,Palau,PW,02/08/2021,56,0,0,0.0,0.0,0.0
677,Pennsylvania,PA,02/08/2021,56,71175,71175,104000.0,104000.0,0.0
678,Philadelphia,,02/08/2021,56,10725,10725,14400.0,14400.0,0.0
679,Puerto Rico,PR,02/08/2021,56,22425,22425,31600.0,31600.0,0.0
680,Rhode Island,RI,02/08/2021,56,6825,6825,10000.0,10000.0,0.0
681,South Carolina,SC,02/08/2021,56,31200,31200,45200.0,45200.0,0.0
682,South Dakota,SD,02/08/2021,56,5850,5850,7700.0,7700.0,0.0
683,Tennessee,TN,02/08/2021,56,41925,41925,60300.0,60300.0,0.0
684,Texas,TX,02/08/2021,56,165750,165750,241000.0,241000.0,0.0
685,U.S. Virgin Islands,,02/08/2021,56,975,975,1000.0,1000.0,0.0
686,Utah,UT,02/08/2021,56,17550,17550,25100.0,25100.0,0.0
687,Vermont,VT,02/08/2021,56,4875,4875,6000.0,6000.0,0.0
688,Virginia,VA,02/08/2021,56,52650,52650,76600.0,76600.0,0.0
689,Washington,WA,02/08/2021,56,46800,46800,67000.0,67000.0,0.0
690,West Virginia,WV,02/08/2021,56,11700,11700,17100.0,17100.0,0.0
691,Wisconsin,WI,02/08/2021,56,37050,37050,52900.0,52900.0,0.0
692,Wyoming,WY,02/08/2021,56,3900,3900,5300.0,5300.0,0.0
693,Alabama,AL,02/01/2021,49,30225,30225,40400.0,40400.0,0.0
694,Alaska,AK,02/01/2021,49,27300,27300,32300.0,32300.0,0.0
695,American Samoa,AS,02/01/2021,49,7800,0,3200.0,0.0,0.0
696,Arizona,AZ,02/01/2021,49,42900,42900,57200.0,57200.0,0.0
697,Arkansas,AR,02/01/2021,49,18525,18525,24500.0,24500.0,0.0
698,California,CA,02/01/2021,49,240825,240825,322000.0,322000.0,0.0
699,Chicago,,02/01/2021,49,17550,17550,22400.0,22400.0,0.0
700,Colorado,CO,02/01/2021,49,34125,34125,45800.0,45800.0,0.0
701,Connecticut,CT,02/01/2021,49,23400,23400,30300.0,30300.0,0.0
702,Delaware,DE,02/01/2021,49,6825,6825,8000.0,8000.0,0.0
703,District of Columbia,DC,02/01/2021,49,4875,4875,6100.0,6100.0,0.0
704,Federal Entities,,02/01/2021,49,119925,104325,151180.0,151800.0,0.0
705,Florida,FL,02/01/2021,49,131625,131625,176100.0,176100.0,0.0
706,Georgia,GA,02/01/2021,49,62400,62400,83500.0,83500.0,0.0
707,Guam,GU,02/01/2021,49,7800,0,9200.0,0.0,0.0
708,Hawaii,HI,02/01/2021,49,9750,9750,12000.0,12000.0,0.0
709,Idaho,ID,02/01/2021,49,10725,10725,13400.0,13400.0,0.0
710,Illinois,IL,02/01/2021,49,62400,62400,83600.0,83600.0,0.0
711,Indiana,IN,02/01/2021,49,40950,40950,54300.0,54300.0,0.0
712,Iowa,IA,02/01/2021,49,19500,19500,25800.0,25800.0,0.0
713,Kansas,KS,02/01/2021,49,17550,17550,23500.0,23500.0,0.0
714,Kentucky,KY,02/01/2021,49,28275,28275,36700.0,36700.0,0.0
715,Louisiana,LA,02/01/2021,49,29250,29250,38100.0,38100.0,0.0
716,Maine,ME,02/01/2021,49,8775,8775,11600.0,11600.0,0.0
717,Mariana Islands,,02/01/2021,49,7800,0,3200.0,0.0,0.0
718,Marshall Islands,MH,02/01/2021,49,0,0,6600.0,0.0,0.0
719,Maryland,MD,02/01/2021,49,38025,38025,49900.0,49900.0,0.0
720,Massachusetts,MA,02/01/2021,49,43875,43875,58400.0,58400.0,0.0
721,Michigan,MI,02/01/2021,49,62400,62400,83100.0,83100.0,0.0
722,Micronesia,FM,02/01/2021,49,0,0,9400.0,0.0,0.0
723,Minnesota,MN,02/01/2021,49,34125,34125,45500.0,45500.0,0.0
724,Mississippi,MS,02/01/2021,49,18525,18525,24300.0,24300.0,0.0
725,Missouri,MO,02/01/2021,49,38025,38025,50400.0,50400.0,0.0
726,Montana,MT,02/01/2021,49,6825,6825,8800.0,8800.0,0.0
727,Nebraska,NE,02/01/2021,49,11700,11700,15500.0,15500.0,0.0
728,Nevada,NV,02/01/2021,49,18525,18525,24100.0,24100.0,0.0
729,New Hampshire,NH,02/01/2021,49,8775,8775,11600.0,11600.0,0.0
730,New Jersey,NJ,02/01/2021,49,55575,55575,74000.0,74000.0,0.0
731,New Mexico,NM,02/01/2021,49,13650,13650,17300.0,17300.0,0.0
732,New York,NY,02/01/2021,49,70200,70200,94200.0,94200.0,0.0
733,New York City,,02/01/2021,49,53625,53625,71500.0,71500.0,0.0
734,North Carolina,NC,02/01/2021,49,63375,63375,84200.0,84200.0,0.0
735,North Dakota,ND,02/01/2021,49,4875,4875,6400.0,6400.0,0.0
736,Ohio,OH,02/01/2021,49,72150,72150,96600.0,96600.0,0.0
737,Oklahoma,OK,02/01/2021,49,24375,24375,31700.0,31700.0,0.0
738,Oregon,OR,02/01/2021,49,26325,26325,34600.0,34600.0,0.0
739,Palau,PW,02/01/2021,49,0,0,2800.0,0.0,0.0
740,Pennsylvania,PA,02/01/2021,49,71175,71175,95200.0,95200.0,0.0
741,Philadelphia,,02/01/2021,49,10725,10725,13200.0,13200.0,0.0
742,Puerto Rico,PR,02/01/2021,49,22425,22425,28900.0,28900.0,0.0
743,Rhode Island,RI,02/01/2021,49,6825,6825,9100.0,9100.0,0.0
744,South Carolina,SC,02/01/2021,49,31200,31200,41400.0,41400.0,0.0
745,South Dakota,SD,02/01/2021,49,5850,5850,7000.0,7000.0,0.0
746,Tennessee,TN,02/01/2021,49,41925,41925,55200.0,55200.0,0.0
747,Texas,TX,02/01/2021,49,164775,164775,220500.0,220500.0,0.0
748,U.S. Virgin Islands,,02/01/2021,49,975,975,900.0,900.0,0.0
749,Utah,UT,02/01/2021,49,17550,17550,22900.0,22900.0,0.0
750,Vermont,VT,02/01/2021,49,4875,4875,5500.0,5500.0,0.0
751,Virginia,VA,02/01/2021,49,52650,52650,70100.0,70100.0,0.0
752,Washington,WA,02/01/2021,49,45825,45825,61300.0,61300.0,0.0
753,West Virginia,WV,02/01/2021,49,11700,11700,15600.0,15600.0,0.0
754,Wisconsin,WI,02/01/2021,49,36075,36075,48300.0,48300.0,0.0
755,Wyoming,WY,02/01/2021,49,3900,3900,4800.0,4800.0,0.0
756,Alabama,AL,01/25/2021,42,30225,30225,30600.0,30600.0,0.0
757,Alaska,AK,01/25/2021,42,0,0,0.0,0.0,0.0
758,American Samoa,AS,01/25/2021,42,0,0,0.0,0.0,0.0
759,Arizona,AZ,01/25/2021,42,42900,42900,43400.0,43400.0,0.0
760,Arkansas,AR,01/25/2021,42,18525,18525,18600.0,18600.0,0.0
761,California,CA,01/25/2021,42,241800,241800,244000.0,244000.0,0.0
762,Chicago,,01/25/2021,42,17550,17550,17000.0,17000.0,0.0
763,Colorado,CO,01/25/2021,42,35100,35100,34700.0,34700.0,0.0
764,Connecticut,CT,01/25/2021,42,23400,23400,23000.0,23000.0,0.0
765,Delaware,DE,01/25/2021,42,6825,6825,6100.0,6100.0,0.0
766,District of Columbia,DC,01/25/2021,42,4875,4875,4600.0,4600.0,0.0
767,Federal Entities,,01/25/2021,42,105300,105300,105300.0,105300.0,0.0
768,Florida,FL,01/25/2021,42,132600,132600,133500.0,133500.0,0.0
769,Georgia,GA,01/25/2021,42,63375,63375,63300.0,63300.0,0.0
770,Guam,GU,01/25/2021,42,0,0,0.0,0.0,0.0
771,Hawaii,HI,01/25/2021,42,9750,9750,9100.0,9100.0,0.0
772,Idaho,ID,01/25/2021,42,10725,10725,10200.0,10200.0,0.0
773,Illinois,IL,01/25/2021,42,63375,63375,63300.0,63300.0,0.0
774,Indiana,IN,01/25/2021,42,40950,40950,41100.0,41100.0,0.0
775,Iowa,IA,01/25/2021,42,19500,19500,19500.0,19500.0,0.0
776,Kansas,KS,01/25/2021,42,18525,18525,17800.0,17800.0,0.0
777,Kentucky,KY,01/25/2021,42,28275,28275,27900.0,27900.0,0.0
778,Louisiana,LA,01/25/2021,42,29250,29250,28900.0,28900.0,0.0
779,Maine,ME,01/25/2021,42,8775,8775,8800.0,8800.0,0.0
780,Mariana Islands,,01/25/2021,42,0,0,0.0,0.0,0.0
781,Marshall Islands,MH,01/25/2021,42,0,0,0.0,0.0,0.0
782,Maryland,MD,01/25/2021,42,38025,38025,37800.0,37800.0,0.0
783,Massachusetts,MA,01/25/2021,42,43875,43875,44300.0,44300.0,0.0
784,Michigan,MI,01/25/2021,42,62400,62400,63000.0,63000.0,0.0
785,Micronesia,FM,01/25/2021,42,0,0,0.0,0.0,0.0
786,Minnesota,MN,01/25/2021,42,34125,34125,34500.0,34500.0,0.0
787,Mississippi,MS,01/25/2021,42,18525,18525,18500.0,18500.0,0.0
788,Missouri,MO,01/25/2021,42,38025,38025,38200.0,38200.0,0.0
789,Montana,MT,01/25/2021,42,6825,6825,6700.0,6700.0,0.0
790,Nebraska,NE,01/25/2021,42,11700,11700,11800.0,11800.0,0.0
791,Nevada,NV,01/25/2021,42,18525,18525,18300.0,18300.0,0.0
792,New Hampshire,NH,01/25/2021,42,8775,8775,8800.0,8800.0,0.0
793,New Jersey,NJ,01/25/2021,42,55575,55575,56100.0,56100.0,0.0
794,New Mexico,NM,01/25/2021,42,13650,13650,13200.0,13200.0,0.0
795,New York,NY,01/25/2021,42,71175,71175,71400.0,71400.0,0.0
796,New York City,,01/25/2021,42,53625,53625,54200.0,54200.0,0.0
797,North Carolina,NC,01/25/2021,42,63375,63375,63800.0,63800.0,0.0
798,North Dakota,ND,01/25/2021,42,4875,4875,4800.0,4800.0,0.0
799,Ohio,OH,01/25/2021,42,73125,73125,73200.0,73200.0,0.0
800,Oklahoma,OK,01/25/2021,42,24375,24375,24100.0,24100.0,0.0
801,Oregon,OR,01/25/2021,42,26325,26325,26200.0,26200.0,0.0
802,Palau,PW,01/25/2021,42,0,0,0.0,0.0,0.0
803,Pennsylvania,PA,01/25/2021,42,71175,71175,72100.0,72100.0,0.0
804,Philadelphia,,01/25/2021,42,10725,10725,10000.0,10000.0,0.0
805,Puerto Rico,PR,01/25/2021,42,22425,22425,21900.0,21900.0,0.0
806,Rhode Island,RI,01/25/2021,42,6825,6825,6900.0,6900.0,0.0
807,South Carolina,SC,01/25/2021,42,31200,31200,31400.0,31400.0,0.0
808,South Dakota,SD,01/25/2021,42,5850,5850,5300.0,5300.0,0.0
809,Tennessee,TN,01/25/2021,42,41925,41925,41800.0,41800.0,0.0
810,Texas,TX,01/25/2021,42,165750,165750,167100.0,167100.0,0.0
811,U.S. Virgin Islands,,01/25/2021,42,975,975,700.0,700.0,0.0
812,Utah,UT,01/25/2021,42,17550,17550,17400.0,17400.0,0.0
813,Vermont,VT,01/25/2021,42,4875,4875,4200.0,4200.0,0.0
814,Virginia,VA,01/25/2021,42,52650,52650,53100.0,53100.0,0.0
815,Washington,WA,01/25/2021,42,46800,46800,46500.0,46500.0,0.0
816,West Virginia,WV,01/25/2021,42,11700,11700,11900.0,11900.0,0.0
817,Wisconsin,WI,01/25/2021,42,37050,37050,36700.0,36700.0,0.0
818,Wyoming,WY,01/25/2021,42,3900,3900,3700.0,3700.0,0.0
819,Alabama,AL,01/18/2021,35,30225,30225,30600.0,30600.0,0.0
820,Alaska,AK,01/18/2021,35,0,0,0.0,0.0,0.0
821,American Samoa,AS,01/18/2021,35,0,0,0.0,0.0,0.0
822,Arizona,AZ,01/18/2021,35,42900,42900,43400.0,43400.0,0.0
823,Arkansas,AR,01/18/2021,35,18525,18525,18600.0,18600.0,0.0
824,California,CA,01/18/2021,35,241800,241800,244000.0,244000.0,0.0
825,Chicago,,01/18/2021,35,17550,17550,17000.0,17000.0,0.0
826,Colorado,CO,01/18/2021,35,35100,35100,34700.0,34700.0,0.0
827,Connecticut,CT,01/18/2021,35,23400,23400,23000.0,23000.0,0.0
828,Delaware,DE,01/18/2021,35,6825,6825,6100.0,6100.0,0.0
829,District of Columbia,DC,01/18/2021,35,4875,4875,4600.0,4600.0,0.0
830,Federal Entities,,01/18/2021,35,105300,105300,105000.0,105000.0,0.0
831,Florida,FL,01/18/2021,35,132600,132600,133500.0,133500.0,0.0
832,Georgia,GA,01/18/2021,35,63375,63375,63300.0,63300.0,0.0
833,Guam,GU,01/18/2021,35,0,0,0.0,0.0,0.0
834,Hawaii,HI,01/18/2021,35,9750,9750,9100.0,9100.0,0.0
835,Idaho,ID,01/18/2021,35,10725,10725,10200.0,10200.0,0.0
836,Illinois,IL,01/18/2021,35,63375,63375,63300.0,63300.0,0.0
837,Indiana,IN,01/18/2021,35,40950,40950,41100.0,41100.0,0.0
838,Iowa,IA,01/18/2021,35,19500,19500,19500.0,19500.0,0.0
839,Kansas,KS,01/18/2021,35,18525,18525,17800.0,17800.0,0.0
840,Kentucky,KY,01/18/2021,35,28275,28275,27900.0,27900.0,0.0
841,Louisiana,LA,01/18/2021,35,29250,29250,28900.0,28900.0,0.0
842,Maine,ME,01/18/2021,35,8775,8775,8800.0,8800.0,0.0
843,Mariana Islands,,01/18/2021,35,0,0,0.0,0.0,0.0
844,Marshall Islands,MH,01/18/2021,35,0,0,0.0,0.0,0.0
845,Maryland,MD,01/18/2021,35,38025,38025,37800.0,37800.0,0.0
846,Massachusetts,MA,01/18/2021,35,43875,43875,44300.0,44300.0,0.0
847,Michigan,MI,01/18/2021,35,62400,62400,63000.0,63000.0,0.0
848,Micronesia,FM,01/18/2021,35,0,0,0.0,0.0,0.0
849,Minnesota,MN,01/18/2021,35,34125,34125,34500.0,34500.0,0.0
850,Mississippi,MS,01/18/2021,35,18525,18525,18500.0,18500.0,0.0
851,Missouri,MO,01/18/2021,35,38025,38025,38200.0,38200.0,0.0
852,Montana,MT,01/18/2021,35,6825,6825,6700.0,6700.0,0.0
853,Nebraska,NE,01/18/2021,35,11700,11700,11800.0,11800.0,0.0
854,Nevada,NV,01/18/2021,35,18525,18525,18300.0,18300.0,0.0
855,New Hampshire,NH,01/18/2021,35,8775,8775,8800.0,8800.0,0.0
856,New Jersey,NJ,01/18/2021,35,55575,55575,56100.0,56100.0,0.0
857,New Mexico,NM,01/18/2021,35,13650,13650,13200.0,13200.0,0.0
858,New York,NY,01/18/2021,35,71175,71175,71400.0,71400.0,0.0
859,New York City,,01/18/2021,35,53625,53625,54200.0,54200.0,0.0
860,North Carolina,NC,01/18/2021,35,63375,63375,63800.0,63800.0,0.0
861,North Dakota,ND,01/18/2021,35,4875,4875,4800.0,4800.0,0.0
862,Ohio,OH,01/18/2021,35,73125,73125,73200.0,73200.0,0.0
863,Oklahoma,OK,01/18/2021,35,24375,24375,24100.0,24100.0,0.0
864,Oregon,OR,01/18/2021,35,26325,26325,26200.0,26200.0,0.0
865,Palau,PW,01/18/2021,35,0,0,0.0,0.0,0.0
866,Pennsylvania,PA,01/18/2021,35,71175,71175,72100.0,72100.0,0.0
867,Philadelphia,,01/18/2021,35,10725,10725,10000.0,10000.0,0.0
868,Puerto Rico,PR,01/18/2021,35,22425,22425,21900.0,21900.0,0.0
869,Rhode Island,RI,01/18/2021,35,6825,6825,6900.0,6900.0,0.0
870,South Carolina,SC,01/18/2021,35,31200,31200,31400.0,31400.0,0.0
871,South Dakota,SD,01/18/2021,35,5850,5850,5300.0,5300.0,0.0
872,Tennessee,TN,01/18/2021,35,41925,41925,41800.0,41800.0,0.0
873,Texas,TX,01/18/2021,35,165750,165750,167100.0,167100.0,0.0
874,U.S. Virgin Islands,,01/18/2021,35,975,975,700.0,700.0,0.0
875,Utah,UT,01/18/2021,35,17550,17550,17400.0,17400.0,0.0
876,Vermont,VT,01/18/2021,35,4875,4875,4200.0,4200.0,0.0
877,Virginia,VA,01/18/2021,35,52650,52650,53100.0,53100.0,0.0
878,Washington,WA,01/18/2021,35,46800,46800,46500.0,46500.0,0.0
879,West Virginia,WV,01/18/2021,35,11700,11700,11900.0,11900.0,0.0
880,Wisconsin,WI,01/18/2021,35,37050,37050,36700.0,36700.0,0.0
881,Wyoming,WY,01/18/2021,35,3900,3900,3700.0,3700.0,0.0
882,Alabama,AL,01/11/2021,28,29250,29250,29100.0,29100.0,0.0
883,Alaska,AK,01/11/2021,28,0,0,0.0,0.0,0.0
884,American Samoa,AS,01/11/2021,28,0,0,0.0,0.0,0.0
885,Arizona,AZ,01/11/2021,28,41925,41925,41300.0,41300.0,0.0
886,Arkansas,AR,01/11/2021,28,18525,18525,17700.0,17700.0,0.0
887,California,CA,01/11/2021,28,233025,233025,232300.0,232300.0,0.0
888,Chicago,,01/11/2021,28,16575,16575,16200.0,16200.0,0.0
889,Colorado,CO,01/11/2021,28,33150,33150,33000.0,33000.0,0.0
890,Connecticut,CT,01/11/2021,28,22425,22425,21900.0,21900.0,0.0
891,Delaware,DE,01/11/2021,28,5850,5850,5800.0,5800.0,0.0
892,District of Columbia,DC,01/11/2021,28,4875,4875,4400.0,4400.0,0.0
893,Federal Entities,,01/11/2021,28,102375,102375,99900.0,99900.0,0.0
894,Florida,FL,01/11/2021,28,127725,127725,127100.0,127100.0,0.0
895,Georgia,GA,01/11/2021,28,60450,60450,60200.0,60200.0,0.0
896,Guam,GU,01/11/2021,28,0,0,0.0,0.0,0.0
897,Hawaii,HI,01/11/2021,28,8775,8775,8700.0,8700.0,0.0
898,Idaho,ID,01/11/2021,28,9750,9750,9700.0,9700.0,0.0
899,Illinois,IL,01/11/2021,28,60450,60450,60300.0,60300.0,0.0
900,Indiana,IN,01/11/2021,28,39975,39975,39200.0,39200.0,0.0
901,Iowa,IA,01/11/2021,28,19500,19500,18600.0,18600.0,0.0
902,Kansas,KS,01/11/2021,28,17550,17550,17000.0,17000.0,0.0
903,Kentucky,KY,01/11/2021,28,27300,27300,26500.0,26500.0,0.0
904,Louisiana,LA,01/11/2021,28,28275,28275,27500.0,27500.0,0.0
905,Maine,ME,01/11/2021,28,8775,8775,8400.0,8400.0,0.0
906,Mariana Islands,,01/11/2021,28,0,0,0.0,0.0,0.0
907,Marshall Islands,MH,01/11/2021,28,0,0,0.0,0.0,0.0
908,Maryland,MD,01/11/2021,28,36075,36075,36000.0,36000.0,0.0
909,Massachusetts,MA,01/11/2021,28,42900,42900,42100.0,42100.0,0.0
910,Michigan,MI,01/11/2021,28,60450,60450,60000.0,60000.0,0.0
911,Micronesia,FM,01/11/2021,28,0,0,0.0,0.0,0.0
912,Minnesota,MN,01/11/2021,28,33150,33150,32900.0,32900.0,0.0
913,Mississippi,MS,01/11/2021,28,17550,17550,17600.0,17600.0,0.0
914,Missouri,MO,01/11/2021,28,37050,37050,36400.0,36400.0,0.0
915,Montana,MT,01/11/2021,28,6825,6825,6400.0,6400.0,0.0
916,Nebraska,NE,01/11/2021,28,11700,11700,11200.0,11200.0,0.0
917,Nevada,NV,01/11/2021,28,17550,17550,17400.0,17400.0,0.0
918,New Hampshire,NH,01/11/2021,28,8775,8775,8400.0,8400.0,0.0
919,New Jersey,NJ,01/11/2021,28,53625,53625,53400.0,53400.0,0.0
920,New Mexico,NM,01/11/2021,28,12675,12675,12500.0,12500.0,0.0
921,New York,NY,01/11/2021,28,68250,68250,68000.0,68000.0,0.0
922,New York City,,01/11/2021,28,51675,51675,51600.0,51600.0,0.0
923,North Carolina,NC,01/11/2021,28,61425,61425,60800.0,60800.0,0.0
924,North Dakota,ND,01/11/2021,28,4875,4875,4600.0,4600.0,0.0
925,Ohio,OH,01/11/2021,28,70200,70200,69700.0,69700.0,0.0
926,Oklahoma,OK,01/11/2021,28,23400,23400,22900.0,22900.0,0.0
927,Oregon,OR,01/11/2021,28,25350,25350,25000.0,25000.0,0.0
928,Palau,PW,01/11/2021,28,0,0,0.0,0.0,0.0
929,Pennsylvania,PA,01/11/2021,28,69225,69225,68700.0,68700.0,0.0
930,Philadelphia,,01/11/2021,28,9750,9750,9500.0,9500.0,0.0
931,Puerto Rico,PR,01/11/2021,28,21450,21450,20900.0,20900.0,0.0
932,Rhode Island,RI,01/11/2021,28,6825,6825,6600.0,6600.0,0.0
933,South Carolina,SC,01/11/2021,28,30225,30225,29900.0,29900.0,0.0
934,South Dakota,SD,01/11/2021,28,5850,5850,5100.0,5100.0,0.0
935,Tennessee,TN,01/11/2021,28,39975,39975,39800.0,39800.0,0.0
936,Texas,TX,01/11/2021,28,159900,159900,159100.0,159100.0,0.0
937,U.S. Virgin Islands,,01/11/2021,28,975,975,700.0,700.0,0.0
938,Utah,UT,01/11/2021,28,16575,16575,16600.0,16600.0,0.0
939,Vermont,VT,01/11/2021,28,4875,4875,4000.0,4000.0,0.0
940,Virginia,VA,01/11/2021,28,50700,50700,50600.0,50600.0,0.0
941,Washington,WA,01/11/2021,28,57525,57525,44300.0,44300.0,0.0
942,West Virginia,WV,01/11/2021,28,11700,11700,11300.0,11300.0,0.0
943,Wisconsin,WI,01/11/2021,28,35100,35100,34900.0,34900.0,0.0
944,Wyoming,WY,01/11/2021,28,3900,3900,3500.0,3500.0,0.0
945,Alabama,AL,01/04/2021,21,29250,29250,29000.0,29000.0,0.0
946,Alaska,AK,01/04/2021,21,27300,27300,25600.0,25600.0,0.0
947,American Samoa,AS,01/04/2021,21,7800,0,2400.0,0.0,0.0
948,Arizona,AZ,01/04/2021,21,41925,41925,41100.0,41100.0,0.0
949,Arkansas,AR,01/04/2021,21,18525,18525,17600.0,17600.0,0.0
950,California,CA,01/04/2021,21,232050,232050,231400.0,231400.0,0.0
951,Chicago,,01/04/2021,21,16575,16575,16100.0,16100.0,0.0
952,Colorado,CO,01/04/2021,21,33150,33150,32900.0,32900.0,0.0
953,Connecticut,CT,01/04/2021,21,22425,22425,21800.0,21800.0,0.0
954,Delaware,DE,01/04/2021,21,5850,5850,5800.0,5800.0,0.0
955,District of Columbia,DC,01/04/2021,21,4875,4875,4400.0,4400.0,0.0
956,Federal Entities,,01/04/2021,21,117000,101400,108400.0,99600.0,0.0
957,Florida,FL,01/04/2021,21,126750,126750,126600.0,126600.0,0.0
958,Georgia,GA,01/04/2021,21,60450,60450,60000.0,60000.0,0.0
959,Guam,GU,01/04/2021,21,7800,0,7200.0,0.0,0.0
960,Hawaii,HI,01/04/2021,21,8775,8775,8600.0,8600.0,0.0
961,Idaho,ID,01/04/2021,21,9750,9750,9700.0,9700.0,0.0
962,Illinois,IL,01/04/2021,21,60450,60450,60100.0,60100.0,0.0
963,Indiana,IN,01/04/2021,21,39000,39000,39000.0,39000.0,0.0
964,Iowa,IA,01/04/2021,21,18525,18525,18500.0,18500.0,0.0
965,Kansas,KS,01/04/2021,21,17550,17550,16900.0,16900.0,0.0
966,Kentucky,KY,01/04/2021,21,27300,27300,26400.0,26400.0,0.0
967,Louisiana,LA,01/04/2021,21,28275,28275,27400.0,27400.0,0.0
968,Maine,ME,01/04/2021,21,8775,8775,8300.0,8300.0,0.0
969,Mariana Islands,,01/04/2021,21,7800,0,2400.0,0.0,0.0
970,Marshall Islands,MH,01/04/2021,21,0,0,6400.0,0.0,0.0
971,Maryland,MD,01/04/2021,21,36075,36075,35900.0,35900.0,0.0
972,Massachusetts,MA,01/04/2021,21,42900,42900,42000.0,42000.0,0.0
973,Michigan,MI,01/04/2021,21,60450,60450,59800.0,59800.0,0.0
974,Micronesia,FM,01/04/2021,21,0,0,9600.0,0.0,0.0
975,Minnesota,MN,01/04/2021,21,33150,33150,32700.0,32700.0,0.0
976,Mississippi,MS,01/04/2021,21,17550,17550,17500.0,17500.0,0.0
977,Missouri,MO,01/04/2021,21,37050,37050,36200.0,36200.0,0.0
978,Montana,MT,01/04/2021,21,6825,6825,6300.0,6300.0,0.0
979,Nebraska,NE,01/04/2021,21,11700,11700,11200.0,11200.0,0.0
980,Nevada,NV,01/04/2021,21,17550,17550,17300.0,17300.0,0.0
981,New Hampshire,NH,01/04/2021,21,8775,8775,8400.0,8400.0,0.0
982,New Jersey,NJ,01/04/2021,21,53625,53625,53200.0,53200.0,0.0
983,New Mexico,NM,01/04/2021,21,12675,12675,12500.0,12500.0,0.0
984,New York,NY,01/04/2021,21,68250,68250,67700.0,67700.0,0.0
985,New York City,,01/04/2021,21,51675,51675,51400.0,51400.0,0.0
986,North Carolina,NC,01/04/2021,21,61425,61425,60500.0,60500.0,0.0
987,North Dakota,ND,01/04/2021,21,4875,4875,4600.0,4600.0,0.0
988,Ohio,OH,01/04/2021,21,70200,70200,69500.0,69500.0,0.0
989,Oklahoma,OK,01/04/2021,21,23400,23400,22800.0,22800.0,0.0
990,Oregon,OR,01/04/2021,21,25350,25350,24800.0,24800.0,0.0
991,Palau,PW,01/04/2021,21,0,0,3200.0,0.0,0.0
992,Pennsylvania,PA,01/04/2021,21,69225,69225,68400.0,68400.0,0.0
993,Philadelphia,,01/04/2021,21,9750,9750,9500.0,9500.0,0.0
994,Puerto Rico,PR,01/04/2021,21,21450,21450,20800.0,20800.0,0.0
995,Rhode Island,RI,01/04/2021,21,6825,6825,6600.0,6600.0,0.0
996,South Carolina,SC,01/04/2021,21,30225,30225,29700.0,29700.0,0.0
997,South Dakota,SD,01/04/2021,21,5850,5850,5100.0,5100.0,0.0
998,Tennessee,TN,01/04/2021,21,39975,39975,39700.0,39700.0,0.0
999,Texas,TX,01/04/2021,21,158925,158925,158500.0,158500.0,0.0
1000,U.S. Virgin Islands,,01/04/2021,21,975,975,700.0,700.0,0.0
1001,Utah,UT,01/04/2021,21,16575,16575,16500.0,16500.0,0.0
1002,Vermont,VT,01/04/2021,21,3900,3900,3900.0,3900.0,0.0
1003,Virginia,VA,01/04/2021,21,50700,50700,50400.0,50400.0,0.0
1004,Washington,WA,01/04/2021,21,44850,44850,44100.0,44100.0,0.0
1005,West Virginia,WV,01/04/2021,21,11700,11700,11200.0,11200.0,0.0
1006,Wisconsin,WI,01/04/2021,21,35100,35100,34700.0,34700.0,0.0
1007,Wyoming,WY,01/04/2021,21,3900,3900,3500.0,3500.0,0.0
1008,Alabama,AL,12/28/2020,14,38025,38025,29100.0,29100.0,0.0
1009,Alaska,AK,12/28/2020,14,0,0,0.0,0.0,0.0
1010,American Samoa,AS,12/28/2020,14,0,0,0.0,0.0,0.0
1011,Arizona,AZ,12/28/2020,14,53625,53625,41300.0,41300.0,0.0
1012,Arkansas,AR,12/28/2020,14,23400,23400,17700.0,17700.0,0.0
1013,California,CA,12/28/2020,14,297375,297375,232300.0,232300.0,0.0
1014,Chicago,,12/28/2020,14,21450,21450,16200.0,16200.0,0.0
1015,Colorado,CO,12/28/2020,14,42900,42900,33000.0,33000.0,0.0
1016,Connecticut,CT,12/28/2020,14,28275,28275,21900.0,21900.0,0.0
1017,Delaware,DE,12/28/2020,14,7800,7800,5800.0,5800.0,0.0
1018,District of Columbia,DC,12/28/2020,14,5850,5850,4400.0,4400.0,0.0
1019,Federal Entities,,12/28/2020,14,128700,128700,100000.0,100000.0,0.0
1020,Florida,FL,12/28/2020,14,162825,162825,127100.0,127100.0,0.0
1021,Georgia,GA,12/28/2020,14,77025,77025,60200.0,60200.0,0.0
1022,Guam,GU,12/28/2020,14,0,0,0.0,0.0,0.0
1023,Hawaii,HI,12/28/2020,14,11700,11700,8700.0,8700.0,0.0
1024,Idaho,ID,12/28/2020,14,12675,12675,9700.0,9700.0,0.0
1025,Illinois,IL,12/28/2020,14,78000,78000,60300.0,60300.0,0.0
1026,Indiana,IN,12/28/2020,14,50700,50700,39200.0,39200.0,0.0
1027,Iowa,IA,12/28/2020,14,24375,24375,18600.0,18600.0,0.0
1028,Kansas,KS,12/28/2020,14,22425,22425,17000.0,17000.0,0.0
1029,Kentucky,KY,12/28/2020,14,34125,34125,26500.0,26500.0,0.0
1030,Louisiana,LA,12/28/2020,14,36075,36075,27500.0,27500.0,0.0
1031,Maine,ME,12/28/2020,14,10725,10725,8400.0,8400.0,0.0
1032,Mariana Islands,,12/28/2020,14,0,0,0.0,0.0,0.0
1033,Marshall Islands,MH,12/28/2020,14,0,0,0.0,0.0,0.0
1034,Maryland,MD,12/28/2020,14,46800,46800,36000.0,36000.0,0.0
1035,Massachusetts,MA,12/28/2020,14,54600,54600,42100.0,42100.0,0.0
1036,Michigan,MI,12/28/2020,14,77025,77025,60000.0,60000.0,0.0
1037,Micronesia,FM,12/28/2020,14,0,0,0.0,0.0,0.0
1038,Minnesota,MN,12/28/2020,14,42900,42900,32900.0,32900.0,0.0
1039,Mississippi,MS,12/28/2020,14,22425,22425,17600.0,17600.0,0.0
1040,Missouri,MO,12/28/2020,14,46800,46800,36400.0,36400.0,0.0
1041,Montana,MT,12/28/2020,14,8775,8775,6400.0,6400.0,0.0
1042,Nebraska,NE,12/28/2020,14,14625,14625,11200.0,11200.0,0.0
1043,Nevada,NV,12/28/2020,14,22425,22425,17400.0,17400.0,0.0
1044,New Hampshire,NH,12/28/2020,14,10725,10725,8400.0,8400.0,0.0
1045,New Jersey,NJ,12/28/2020,14,68250,68250,53400.0,53400.0,0.0
1046,New Mexico,NM,12/28/2020,14,16575,16575,12500.0,12500.0,0.0
1047,New York,NY,12/28/2020,14,87750,87750,68000.0,68000.0,0.0
1048,New York City,,12/28/2020,14,66300,66300,51600.0,51600.0,0.0
1049,North Carolina,NC,12/28/2020,14,78000,78000,60800.0,60800.0,0.0
1050,North Dakota,ND,12/28/2020,14,5850,5850,4600.0,4600.0,0.0
1051,Ohio,OH,12/28/2020,14,89700,89700,69700.0,69700.0,0.0
1052,Oklahoma,OK,12/28/2020,14,29250,29250,22900.0,22900.0,0.0
1053,Oregon,OR,12/28/2020,14,32175,32175,25000.0,25000.0,0.0
1054,Palau,PW,12/28/2020,14,0,0,0.0,0.0,0.0
1055,Pennsylvania,PA,12/28/2020,14,88725,88725,68700.0,68700.0,0.0
1056,Philadelphia,,12/28/2020,14,12675,12675,9500.0,9500.0,0.0
1057,Puerto Rico,PR,12/28/2020,14,27300,27300,20900.0,20900.0,0.0
1058,Rhode Island,RI,12/28/2020,14,8775,8775,6600.0,6600.0,0.0
1059,South Carolina,SC,12/28/2020,14,39000,39000,29900.0,29900.0,0.0
1060,South Dakota,SD,12/28/2020,14,6825,6825,5100.0,5100.0,0.0
1061,Tennessee,TN,12/28/2020,14,51675,51675,39800.0,39800.0,0.0
1062,Texas,TX,12/28/2020,14,203775,203775,159100.0,159100.0,0.0
1063,U.S. Virgin Islands,,12/28/2020,14,975,975,700.0,700.0,0.0
1064,Utah,UT,12/28/2020,14,21450,21450,16600.0,16600.0,0.0
1065,Vermont,VT,12/28/2020,14,5850,5850,4000.0,4000.0,0.0
1066,Virginia,VA,12/28/2020,14,65325,65325,50600.0,50600.0,0.0
1067,Washington,WA,12/28/2020,14,57525,57525,44300.0,44300.0,0.0
1068,West Virginia,WV,12/28/2020,14,14625,14625,11300.0,11300.0,0.0
1069,Wisconsin,WI,12/28/2020,14,44850,44850,34900.0,34900.0,0.0
1070,Wyoming,WY,12/28/2020,14,4875,4875,3500.0,3500.0,0.0
1071,Alabama,AL,12/21/2020,7,29250,29250,84300.0,84300.0,0.0
1072,Alaska,AK,12/21/2020,7,0,0,26800.0,26800.0,0.0
1073,American Samoa,AS,12/21/2020,7,0,0,2400.0,0.0,0.0
1074,Arizona,AZ,12/21/2020,7,41925,41925,119400.0,119400.0,0.0
1075,Arkansas,AR,12/21/2020,7,18525,18525,51100.0,51100.0,0.0
1076,California,CA,12/21/2020,7,233025,233025,672600.0,672600.0,0.0
1077,Chicago,,12/21/2020,7,16575,16575,46800.0,46800.0,0.0
1078,Colorado,CO,12/21/2020,7,33150,33150,95600.0,95600.0,0.0
1079,Connecticut,CT,12/21/2020,7,22425,22425,63300.0,63300.0,0.0
1080,Delaware,DE,12/21/2020,7,5850,5850,16700.0,16700.0,0.0
1081,District of Columbia,DC,12/21/2020,7,4875,4875,12600.0,12600.0,0.0
1082,Federal Entities,,12/21/2020,7,102375,102375,298200.0,289200.0,0.0
1083,Florida,FL,12/21/2020,7,127725,127725,367900.0,367900.0,0.0
1084,Georgia,GA,12/21/2020,7,60450,60450,174400.0,174400.0,0.0
1085,Guam,GU,12/21/2020,7,0,0,7600.0,0.0,0.0
1086,Hawaii,HI,12/21/2020,7,8775,8775,25000.0,25000.0,0.0
1087,Idaho,ID,12/21/2020,7,9750,9750,28000.0,28000.0,0.0
1088,Illinois,IL,12/21/2020,7,60450,60450,174600.0,174600.0,0.0
1089,Indiana,IN,12/21/2020,7,39975,39975,113300.0,113300.0,0.0
1090,Iowa,IA,12/21/2020,7,19500,19500,53800.0,53800.0,0.0
1091,Kansas,KS,12/21/2020,7,17550,17550,49100.0,49100.0,0.0
1092,Kentucky,KY,12/21/2020,7,27300,27300,76700.0,76700.0,0.0
1093,Louisiana,LA,12/21/2020,7,28275,28275,79500.0,79500.0,0.0
1094,Maine,ME,12/21/2020,7,8775,8775,24200.0,24200.0,0.0
1095,Mariana Islands,,12/21/2020,7,0,0,2600.0,0.0,0.0
1096,Marshall Islands,MH,12/21/2020,7,0,0,7200.0,0.0,0.0
1097,Maryland,MD,12/21/2020,7,36075,36075,104300.0,104300.0,0.0
1098,Massachusetts,MA,12/21/2020,7,42900,42900,121900.0,121900.0,0.0
1099,Michigan,MI,12/21/2020,7,60450,60450,173600.0,173600.0,0.0
1100,Micronesia,FM,12/21/2020,7,0,0,9800.0,0.0,0.0
1101,Minnesota,MN,12/21/2020,7,33150,33150,94900.0,94900.0,0.0
1102,Mississippi,MS,12/21/2020,7,17550,17550,50800.0,50800.0,0.0
1103,Missouri,MO,12/21/2020,7,37050,37050,105300.0,105300.0,0.0
1104,Montana,MT,12/21/2020,7,6825,6825,18300.0,18300.0,0.0
1105,Nebraska,NE,12/21/2020,7,11700,11700,32400.0,32400.0,0.0
1106,Nevada,NV,12/21/2020,7,17550,17550,50300.0,50300.0,0.0
1107,New Hampshire,NH,12/21/2020,7,8775,8775,24200.0,24200.0,0.0
1108,New Jersey,NJ,12/21/2020,7,53625,53625,154500.0,154500.0,0.0
1109,New Mexico,NM,12/21/2020,7,12675,12675,36100.0,36100.0,0.0
1110,New York,NY,12/21/2020,7,68250,68250,196800.0,196800.0,0.0
1111,New York City,,12/21/2020,7,51675,51675,149400.0,149400.0,0.0
1112,North Carolina,NC,12/21/2020,7,61425,61425,175900.0,175900.0,0.0
1113,North Dakota,ND,12/21/2020,7,4875,4875,13200.0,13200.0,0.0
1114,Ohio,OH,12/21/2020,7,70200,70200,201900.0,201900.0,0.0
1115,Oklahoma,OK,12/21/2020,7,23400,23400,66200.0,66200.0,0.0
1116,Oregon,OR,12/21/2020,7,25350,25350,72100.0,72100.0,0.0
1117,Palau,PW,12/21/2020,7,0,0,2800.0,0.0,0.0
1118,Pennsylvania,PA,12/21/2020,7,69225,69225,198800.0,198800.0,0.0
1119,Philadelphia,,12/21/2020,7,9750,9750,27600.0,27600.0,0.0
1120,Puerto Rico,PR,12/21/2020,7,21450,21450,60400.0,60400.0,0.0
1121,Rhode Island,RI,12/21/2020,7,6825,6825,19000.0,19000.0,0.0
1122,South Carolina,SC,12/21/2020,7,30225,30225,86400.0,86400.0,0.0
1123,South Dakota,SD,12/21/2020,7,5850,5850,14600.0,14600.0,0.0
1124,Tennessee,TN,12/21/2020,7,39975,39975,115200.0,115200.0,0.0
1125,Texas,TX,12/21/2020,7,159900,159900,460500.0,460500.0,0.0
1126,U.S. Virgin Islands,,12/21/2020,7,975,975,1900.0,1900.0,0.0
1127,Utah,UT,12/21/2020,7,16575,16575,47800.0,47800.0,0.0
1128,Vermont,VT,12/21/2020,7,4875,4875,11400.0,11400.0,0.0
1129,Virginia,VA,12/21/2020,7,50700,50700,146400.0,146400.0,0.0
1130,Washington,WA,12/21/2020,7,44850,44850,128000.0,128000.0,0.0
1131,West Virginia,WV,12/21/2020,7,11700,11700,32600.0,32600.0,0.0
1132,Wisconsin,WI,12/21/2020,7,35100,35100,101000.0,101000.0,0.0
1133,Wyoming,WY,12/21/2020,7,3900,3900,10000.0,10000.0,0.0
1134,Alabama,AL,12/14/2020,0,40950,40950,0.0,0.0,0.0
1135,Alaska,AK,12/14/2020,0,35100,35100,0.0,0.0,0.0
1136,American Samoa,AS,12/14/2020,0,5850,0,0.0,0.0,0.0
1137,Arizona,AZ,12/14/2020,0,58500,58500,0.0,0.0,0.0
1138,Arkansas,AR,12/14/2020,0,25350,25350,0.0,0.0,0.0
1139,California,CA,12/14/2020,0,327600,327600,0.0,0.0,0.0
1140,Chicago,,12/14/2020,0,23400,23400,0.0,0.0,0.0
1141,Colorado,CO,12/14/2020,0,46800,46800,0.0,0.0,0.0
1142,Connecticut,CT,12/14/2020,0,31200,31200,0.0,0.0,0.0
1143,Delaware,DE,12/14/2020,0,8775,8775,0.0,0.0,0.0
1144,District of Columbia,DC,12/14/2020,0,6825,6825,0.0,0.0,0.0
1145,Federal Entities,,12/14/2020,0,156000,142350,0.0,0.0,0.0
1146,Florida,FL,12/14/2020,0,179400,179400,0.0,0.0,0.0
1147,Georgia,GA,12/14/2020,0,84825,84825,0.0,0.0,0.0
1148,Guam,GU,12/14/2020,0,11700,0,0.0,0.0,0.0
1149,Hawaii,HI,12/14/2020,0,12675,12675,0.0,0.0,0.0
1150,Idaho,ID,12/14/2020,0,13650,13650,0.0,0.0,0.0
1151,Illinois,IL,12/14/2020,0,85800,85800,0.0,0.0,0.0
1152,Indiana,IN,12/14/2020,0,55575,55575,0.0,0.0,0.0
1153,Iowa,IA,12/14/2020,0,26325,26325,0.0,0.0,0.0
1154,Kansas,KS,12/14/2020,0,24375,24375,0.0,0.0,0.0
1155,Kentucky,KY,12/14/2020,0,38025,38025,0.0,0.0,0.0
1156,Louisiana,LA,12/14/2020,0,39000,39000,0.0,0.0,0.0
1157,Maine,ME,12/14/2020,0,12675,12675,0.0,0.0,0.0
1158,Mariana Islands,,12/14/2020,0,5850,0,0.0,0.0,0.0
1159,Marshall Islands,MH,12/14/2020,0,0,0,0.0,0.0,0.0
1160,Maryland,MD,12/14/2020,0,50700,50700,0.0,0.0,0.0
1161,Massachusetts,MA,12/14/2020,0,59475,59475,0.0,0.0,0.0
1162,Michigan,MI,12/14/2020,0,84825,84825,0.0,0.0,0.0
1163,Micronesia,FM,12/14/2020,0,0,0,0.0,0.0,0.0
1164,Minnesota,MN,12/14/2020,0,46800,46800,0.0,0.0,0.0
1165,Mississippi,MS,12/14/2020,0,25350,25350,0.0,0.0,0.0
1166,Missouri,MO,12/14/2020,0,51675,51675,0.0,0.0,0.0
1167,Montana,MT,12/14/2020,0,9750,9750,0.0,0.0,0.0
1168,Nebraska,NE,12/14/2020,0,16575,16575,0.0,0.0,0.0
1169,Nevada,NV,12/14/2020,0,25350,25350,0.0,0.0,0.0
1170,New Hampshire,NH,12/14/2020,0,12675,12675,0.0,0.0,0.0
1171,New Jersey,NJ,12/14/2020,0,76050,76050,0.0,0.0,0.0
1172,New Mexico,NM,12/14/2020,0,17550,17550,0.0,0.0,0.0
1173,New York,NY,12/14/2020,0,96525,96525,0.0,0.0,0.0
1174,New York City,,12/14/2020,0,73125,73125,0.0,0.0,0.0
1175,North Carolina,NC,12/14/2020,0,85800,85800,0.0,0.0,0.0
1176,North Dakota,ND,12/14/2020,0,6825,6825,0.0,0.0,0.0
1177,Ohio,OH,12/14/2020,0,98475,98475,0.0,0.0,0.0
1178,Oklahoma,OK,12/14/2020,0,33150,33150,0.0,0.0,0.0
1179,Oregon,OR,12/14/2020,0,35100,35100,0.0,0.0,0.0
1180,Palau,PW,12/14/2020,0,0,0,0.0,0.0,0.0
1181,Pennsylvania,PA,12/14/2020,0,97500,97500,0.0,0.0,0.0
1182,Philadelphia,,12/14/2020,0,13650,13650,0.0,0.0,0.0
1183,Puerto Rico,PR,12/14/2020,0,30225,30225,0.0,0.0,0.0
1184,Rhode Island,RI,12/14/2020,0,9750,9750,0.0,0.0,0.0
1185,South Carolina,SC,12/14/2020,0,42900,42900,0.0,0.0,0.0
1186,South Dakota,SD,12/14/2020,0,7800,7800,0.0,0.0,0.0
1187,Tennessee,TN,12/14/2020,0,56550,56550,0.0,0.0,0.0
1188,Texas,TX,12/14/2020,0,224250,224250,0.0,0.0,0.0
1189,U.S. Virgin Islands,,12/14/2020,0,975,975,0.0,0.0,0.0
1190,Utah,UT,12/14/2020,0,23400,23400,0.0,0.0,0.0
1191,Vermont,VT,12/14/2020,0,5850,5850,0.0,0.0,0.0
1192,Virginia,VA,12/14/2020,0,72150,72150,0.0,0.0,0.0
1193,Washington,WA,12/14/2020,0,62400,62400,0.0,0.0,0.0
1194,West Virginia,WV,12/14/2020,0,16575,16575,0.0,0.0,0.0
1195,Wisconsin,WI,12/14/2020,0,49725,49725,0.0,0.0,0.0
1196,Wyoming,WY,12/14/2020,0,4875,4875,0.0,0.0,0.0
